"lift-coeff-density-rfile"
"Iteration" "lift-coeff-density"
("Iteration" "lift-coeff-density")
1 0.0402490149125892
2 0.06893764127194628
3 0.1022592871852887
4 0.1378761583849152
5 0.1744032105734907
6 0.2111565686046953
7 0.2499697228531542
8 0.2900065749430429
9 0.3283622573357723
10 0.3649242352015986
11 0.3987613328598291
12 0.4290918928367354
13 0.455312991645817
14 0.4781612668365706
15 0.4968720597004989
16 0.5127080356282906
17 0.5259294156172717
18 0.5366543615944543
19 0.5458694177242708
20 0.5546380074292069
21 0.5637162207236298
22 0.5733060166593069
23 0.5834452600915366
24 0.5941307837234293
25 0.6053921686651162
26 0.6171315725382293
27 0.6288649197984125
28 0.6403853463939377
29 0.6516518915093071
30 0.6625285241665072
31 0.6727919885251186
32 0.682577669322781
33 0.6917524871550539
34 0.7001351871930853
35 0.7078761383251166
36 0.7148705173037535
37 0.7212803898708995
38 0.7269403229409042
39 0.7319380000551821
40 0.7364412877271772
41 0.7405759974201633
42 0.7443522583289405
43 0.7476722050519133
44 0.7506081834712429
45 0.7532690102213884
46 0.7557456051890682
47 0.7582462555066134
48 0.760493204384815
49 0.7627926386365742
50 0.7648366536175497
51 0.7669413584609069
52 0.7692098340485574
53 0.7717083867714535
54 0.7745667782484456
55 0.7779478229179749
56 0.7820246149568465
57 0.7866740479167604
58 0.7917076274977263
59 0.7971820375809686
60 0.8028690471683891
61 0.8087516693590064
62 0.8149462537317955
63 0.8213455898237405
64 0.8277764208588788
65 0.8341815022242343
66 0.8407241818718215
67 0.8473563980222919
68 0.8534229773763192
69 0.8592578105133961
70 0.8651888589586497
71 0.8708279114284622
72 0.8759428741448968
73 0.8808991500560278
74 0.8861213017377226
75 0.8912665198952724
76 0.8964292474813613
77 0.9013349611598745
78 0.9060773264015937
79 0.9102453571634453
80 0.9143780425860984
81 0.9184000048868707
82 0.9210962523331445
83 0.9227191002514417
84 0.9258057126113208
85 0.9293634490687559
86 0.9329262166380515
87 0.9363744957289373
88 0.9395796478214355
89 0.942213299484824
90 0.9435834549271362
91 0.9439366006715357
92 0.9445151500328136
93 0.9444563975211254
94 0.9432757241693167
95 0.9428664512412062
96 0.9428293941378667
97 0.942591420458908
98 0.9417550539132011
99 0.9402580607540389
100 0.9381610200804623
101 0.9354889225396958
102 0.9322341040779494
103 0.9284062873270797
104 0.9239765110058095
105 0.918985284319585
106 0.9135212921564596
107 0.907322457178438
108 0.9025760335667894
109 0.8972176907707415
110 0.8913134548863039
111 0.8851511935351408
112 0.8789480186658084
113 0.8730303888423604
114 0.8657552010656355
115 0.8562818215223479
116 0.8470478285111104
117 0.8382048196363661
118 0.8283556388896697
119 0.8175095342493177
120 0.8083136542897009
121 0.8025849276385709
122 0.7998810979326617
123 0.7948813311874218
124 0.783707152310486
125 0.7732948267709584
126 0.7605330723846535
127 0.7483178433919118
128 0.7408583659561029
129 0.7390768729258184
130 0.7357854616361259
131 0.7272886745916924
132 0.7177429044085801
133 0.7068892576650523
134 0.6964210680566143
135 0.6913527680778703
136 0.690313305153101
137 0.6882246819084528
138 0.6848602605147387
139 0.6786321548998102
140 0.673353128440959
141 0.6680357454416248
142 0.6615468066529075
143 0.6571540763018481
144 0.6531930563075511
145 0.6512458319395954
146 0.6481448717983942
147 0.6454685507078473
148 0.6427799082792394
149 0.6384296590144514
150 0.6349282875863075
151 0.632384205815084
152 0.6303424159842947
153 0.6285824179920015
154 0.6271272965464934
155 0.6255709140651391
156 0.6240433929101633
157 0.6224459879217472
158 0.6206798732497322
159 0.6209872551771947
160 0.6215337162954153
161 0.6217734033377146
162 0.6218911885961036
163 0.6221859505218755
164 0.6228310107432298
165 0.6237025448265762
166 0.6247146812138896
167 0.6263265614857312
168 0.6283726855982064
169 0.6310147994292724
170 0.6341983570375987
171 0.6378390043161258
172 0.6415810648896351
173 0.6454444512453613
174 0.649518840012323
175 0.6538781364635404
176 0.6585147656241387
177 0.6632905265025906
178 0.6682026836413384
179 0.6733051328402061
180 0.6785647351029552
181 0.6840329761360359
182 0.6894631746499456
183 0.6948883207220322
184 0.700376327074816
185 0.7061047502736673
186 0.7119065813428735
187 0.7177103777806507
188 0.7234580820627271
189 0.7291504375420749
190 0.7348420615212035
191 0.7405457814723065
192 0.7462673333459198
193 0.7519953309156276
194 0.7577241266047446
195 0.7634562794993474
196 0.7691730795026379
197 0.7748704852928012
198 0.7805415370895112
199 0.7861998663447489
200 0.7918059518958952
201 0.7973541018415649
202 0.8028503170154071
203 0.8082933337048864
204 0.8136877501871226
205 0.8190368456918746
206 0.8243230552615651
207 0.8295129903721149
208 0.8345899257560785
209 0.83971757279583
210 0.8446315939414381
211 0.8493171338153892
212 0.853853448972255
213 0.8586906946681938
214 0.8633756087874289
215 0.8680547809864828
216 0.8722547715375424
217 0.8764557598096822
218 0.8805592434981846
219 0.8843522296063872
220 0.8882087175280433
221 0.8921295458668709
222 0.8960979984749512
223 0.9000606181862739
224 0.9037668114338826
225 0.9067582106724192
226 0.9093463018817285
227 0.9120005521811866
228 0.9147167660947596
229 0.9173990276120627
230 0.9201398793669924
231 0.9226766229985791
232 0.9249847038745515
233 0.9269729747584242
234 0.9288058360923186
235 0.9304526707212774
236 0.9319060235672395
237 0.9332314511126276
238 0.9342393240736797
239 0.9349987278068889
240 0.9354411975819087
241 0.9355849806213263
242 0.9357481979613635
243 0.935587677558531
244 0.9352279993315186
245 0.9342350533772632
246 0.9330920334830989
247 0.931866384958436
248 0.9302882515098055
249 0.9291442138028724
250 0.9279508876606528
251 0.9265709483869959
252 0.9248738947421423
253 0.9227910921773648
254 0.920309312494299
255 0.9174632925269234
256 0.9142496581714786
257 0.9107465965688867
258 0.9070174136873299
259 0.9029818206478585
260 0.8986844892138915
261 0.8942224917275019
262 0.889562632179149
263 0.8847003626675958
264 0.8797521455618352
265 0.8747149173336761
266 0.8696210032519126
267 0.8644585634686832
268 0.8592236466111439
269 0.8541359743814515
270 0.8491765110556464
271 0.8441144851935648
272 0.83796304977992
273 0.8316435336786255
274 0.8256641527656838
275 0.8198034193363305
276 0.8144920054788902
277 0.8095960093713224
278 0.8038216186242149
279 0.796538579881116
280 0.7892449539122668
281 0.7825766684575984
282 0.776077318368231
283 0.7735813107094422
284 0.7696762094172648
285 0.7651511919108603
286 0.7602720772210237
287 0.755931961282276
288 0.7513384777653741
289 0.7449950276008979
290 0.7391600324888667
291 0.7334685900557683
292 0.7277522882253231
293 0.7218381483916179
294 0.7169137716452971
295 0.7132842345607225
296 0.7123507598070453
297 0.7108912773507408
298 0.7090017239706957
299 0.7068096664951584
300 0.7042933437490441
301 0.7013919831296523
302 0.6980781990374231
303 0.6944686600315776
304 0.6909116593021949
305 0.6879459339447188
306 0.6853325622874332
307 0.6827485773644374
308 0.6802098385156161
309 0.6764438828254806
310 0.6746095690575894
311 0.6724077158344393
312 0.6705307840218395
313 0.6690868633225755
314 0.6675879073957461
315 0.6665291074147783
316 0.6640574763207118
317 0.6621519178772012
318 0.6609577774149467
319 0.6599677153100454
320 0.6592863535452783
321 0.6588028466388786
322 0.6585907524474919
323 0.6586985168788466
324 0.6591218606625862
325 0.6598701765754299
326 0.6605054028907497
327 0.6613862913883221
328 0.6625584807033644
329 0.6641537879222378
330 0.6660167586248791
331 0.6682006066766045
332 0.6706724595629944
333 0.6733928503287867
334 0.6763242419169084
335 0.6794392773663794
336 0.6827279619025673
337 0.6861570855590569
338 0.6898644380771932
339 0.6938108252369655
340 0.6979356360603551
341 0.7022259469845997
342 0.7065782921249915
343 0.7109216468092849
344 0.7152567467604084
345 0.7196088157014032
346 0.7240045745891602
347 0.7284474972960726
348 0.7329559395685419
349 0.7375097526252534
350 0.7420929747829501
351 0.7466745281787499
352 0.7512171228934436
353 0.7557182524759815
354 0.7601591676660012
355 0.7645167958377456
356 0.7687786553949775
357 0.7731035607902869
358 0.7775069153781079
359 0.7819931658634184
360 0.7862954764040694
361 0.7904140006026817
362 0.7944579686546258
363 0.7984740047198253
364 0.8024719866874767
365 0.8064389839036045
366 0.8103974581663023
367 0.8143441335893329
368 0.8183477565195448
369 0.8223134689117997
370 0.8262392606736442
371 0.8299864883406405
372 0.8336557491006478
373 0.8373062863144286
374 0.8409571602020123
375 0.8444003378966453
376 0.8477377783021063
377 0.8510659179487269
378 0.854457087398752
379 0.8577454278083637
380 0.8611496541479523
381 0.864581454479317
382 0.8677120152391534
383 0.8705170182570049
384 0.8731412466122724
385 0.8758055691797395
386 0.8784737988691881
387 0.8809523797702608
388 0.883591583148119
389 0.8860151606409428
390 0.8881205277746093
391 0.8906445681804969
392 0.8922451981773417
393 0.8935054577051539
394 0.8947023205092208
395 0.8959174051539115
396 0.8971384708163489
397 0.8983581902611173
398 0.8994858086694271
399 0.9005052673450008
400 0.9013684685516203
401 0.9020309915169096
402 0.9024335730025113
403 0.9026459017532367
404 0.9026845764375482
405 0.9024450982603291
406 0.9019610890888671
407 0.9012556562259002
408 0.9003988599985683
409 0.8993888706994688
410 0.8982083003405069
411 0.8967769183854297
412 0.8953127757658023
413 0.893947174359058
414 0.8924840230345825
415 0.8907358647640066
416 0.8885238458637085
417 0.8859904125542428
418 0.883167539473859
419 0.8801102485116531
420 0.8768703232001641
421 0.8734160738178189
422 0.8697152991661686
423 0.8657818881275967
424 0.8616298464134717
425 0.8572126573185264
426 0.8525200431519219
427 0.8476633187262792
428 0.8429931373488071
429 0.8381136782644264
430 0.8334325670829527
431 0.8288870620269536
432 0.8242300396721788
433 0.8192337008635738
434 0.8143202914510999
435 0.8092789491294833
436 0.8042014235777346
437 0.7980692461405959
438 0.7920941777256519
439 0.7859414898885811
440 0.7805007192666185
441 0.7750189880628865
442 0.769266670151
443 0.7630165207135
444 0.7571060868251587
445 0.75157967112346
446 0.7449820334241892
447 0.7408614187003013
448 0.7376284985528532
449 0.7339393676170175
450 0.7299460841580035
451 0.7255346071799075
452 0.7209538019447487
453 0.7166475037834448
454 0.7126228377142622
455 0.708958453052012
456 0.7055790698780463
457 0.7019334599179048
458 0.6976399876496008
459 0.6938923441460886
460 0.690503258796663
461 0.6876900094769953
462 0.6853319537877555
463 0.6835201669109783
464 0.681920325853888
465 0.680546318026178
466 0.679333114089909
467 0.6782213861765019
468 0.6771352499645221
469 0.676096570075632
470 0.6750058889241036
471 0.6738647436897991
472 0.6729433208920877
473 0.6728864317070556
474 0.6728737967156166
475 0.6729690142679955
476 0.6731503695887532
477 0.6736524252112513
478 0.6741108947595424
479 0.6744552959688046
480 0.6751051152612607
481 0.6763081198448883
482 0.6774809601811683
483 0.6787372963748073
484 0.6800635389748449
485 0.681588283926351
486 0.6833476401428109
487 0.6852701634400148
488 0.6873269397276652
489 0.6893220620856292
490 0.6913139209367141
491 0.6931661659180454
492 0.6950055483204475
493 0.697086530906083
494 0.699385534720545
495 0.7018728202167099
496 0.7046425278948644
497 0.7075560477359267
498 0.710652944519253
499 0.7137785432631508
500 0.7170306391239494
501 0.72044332592305
502 0.7240216932751595
503 0.7277207259755554
504 0.731532058319032
505 0.7354311606174728
506 0.7393427345095596
507 0.7432540106589122
508 0.747227849016308
509 0.7512494917863135
510 0.7552560864484874
511 0.7592769292438986
512 0.7633060948757707
513 0.7673336783046812
514 0.7713009898315321
515 0.7752190838687468
516 0.7791363772976018
517 0.7830185237391474
518 0.7868618167932359
519 0.7906215094197864
520 0.7942691997705806
521 0.797805660474936
522 0.801256405873488
523 0.8046115521431938
524 0.8078546407609489
525 0.8110679622034331
526 0.8143961872517937
527 0.8176633971575473
528 0.8207141188510917
529 0.8236123912566121
530 0.8262873016069607
531 0.8288915731417207
532 0.8314818168720731
533 0.8342143372056769
534 0.8369812331995444
535 0.839051302705349
536 0.8411996894962074
537 0.8434787504140935
538 0.8455942465082814
539 0.8477228438059032
540 0.8500791742998721
541 0.852528093101425
542 0.8549861593544187
543 0.8571734732643832
544 0.8591413076366066
545 0.8609003367683196
546 0.8623548322203457
547 0.8637178567778282
548 0.8651839577442918
549 0.8668724890049933
550 0.8685271795096382
551 0.8698743477705299
552 0.8710700744878275
553 0.8722919941537677
554 0.8733484214369915
555 0.874283062942329
556 0.8752299969361512
557 0.8761693403898508
558 0.8765211547238412
559 0.8767374182766691
560 0.87720735533689
561 0.8778886509266718
562 0.8784535372131484
563 0.8787554685885168
564 0.8787064423539018
565 0.8784912394820419
566 0.8782419586214449
567 0.8779733238429209
568 0.8776545943575629
569 0.8772669281254297
570 0.876787632817323
571 0.876210678011908
572 0.8755229817195096
573 0.8747119798510207
574 0.8737428278835739
575 0.8726301398206027
576 0.8713916397536371
577 0.8700929906351904
578 0.8686307793068596
579 0.8670116411064516
580 0.8652561529625146
581 0.8633683368428475
582 0.8613500629998168
583 0.8592125724194776
584 0.8569652605759849
585 0.8546141368165981
586 0.852153501372939
587 0.849553585576564
588 0.8468859061734825
589 0.844118548698462
590 0.8412357078872491
591 0.8382478402169148
592 0.8351518705559887
593 0.831737047583593
594 0.8281429173286193
595 0.8246088719596661
596 0.8210033239732947
597 0.8175221108228223
598 0.8140363454999158
599 0.8104564952152818
600 0.8067577355823426
601 0.8029470133752141
602 0.7991656783603572
603 0.7955022504346336
604 0.7921555600178525
605 0.7883397689914361
606 0.7840614855626818
607 0.7798347992310143
608 0.7759061925688556
609 0.77197297956575
610 0.7678651132883687
611 0.7631526268546179
612 0.7604955316250256
613 0.75830853196892
614 0.7557735720583735
615 0.752941151907952
616 0.7499254793068729
617 0.7468065778133531
618 0.743750904537706
619 0.7408747318410551
620 0.7382421402964343
621 0.7358613061469483
622 0.7337171912801406
623 0.7314234517348365
624 0.729318365580238
625 0.7279699800114842
626 0.7265043812760722
627 0.7250245365214737
628 0.7226313880443627
629 0.7208569004690603
630 0.7195545600473914
631 0.7186950595952597
632 0.7180859914989965
633 0.7174758984118513
634 0.716872512461637
635 0.7163173273051701
636 0.7158455996567414
637 0.7155453062722906
638 0.7153068430232291
639 0.7151028463592246
640 0.7149052162792655
641 0.7148290880206162
642 0.7146856122439785
643 0.7143887391650743
644 0.7141446470892667
645 0.7141200065862239
646 0.7147165484531883
647 0.7152652092781421
648 0.7158999050205844
649 0.7167252420794683
650 0.7176189669316423
651 0.7185522997016626
652 0.7194391914459021
653 0.7204206599203385
654 0.7218374991683864
655 0.7234180768751239
656 0.7251173514846025
657 0.7269059802862718
658 0.7287728759969287
659 0.7307101515330974
660 0.7326520831332611
661 0.7346827042500906
662 0.7368232435080242
663 0.7390824772741816
664 0.7414291259206026
665 0.7438731432643927
666 0.7464265716790965
667 0.7490850856857164
668 0.7518409585056227
669 0.7546842344906487
670 0.7576071948504445
671 0.7606013844592486
672 0.7636573320248876
673 0.7667626934281339
674 0.7699071564194793
675 0.7730944693318271
676 0.7762691962427407
677 0.7794385526766719
678 0.7826008904251284
679 0.7857414497783515
680 0.7888716618482281
681 0.7919657718246229
682 0.7951047102197073
683 0.7981609471038279
684 0.8011350419625893
685 0.8040431261078411
686 0.8069103862096668
687 0.8098093053548169
688 0.8127659011074294
689 0.8157563885217064
690 0.8184469694217177
691 0.8207848549097408
692 0.8228382533631055
693 0.8248902642816912
694 0.8270718083362169
695 0.8293361011417171
696 0.8314400899042599
697 0.8334611032826154
698 0.8354881665955087
699 0.8376068044319566
700 0.839609482991249
701 0.8415186469779335
702 0.8433531278326979
703 0.8451498141927722
704 0.8468757075495057
705 0.848698777625464
706 0.8502704614363334
707 0.8515816244736323
708 0.8526790953239326
709 0.8535970508597598
710 0.8544624964502562
711 0.8553684193485648
712 0.8564103149988154
713 0.8575702360650431
714 0.8589471694707999
715 0.8603178668713259
716 0.8614047139902166
717 0.8620571080839214
718 0.8624643557744214
719 0.8629701651367588
720 0.8634100608844931
721 0.8637050840304079
722 0.8641937653566791
723 0.8645358202007577
724 0.8647510155589012
725 0.8649254146884304
726 0.8650887009717971
727 0.8650682462813508
728 0.8649969411421502
729 0.8648401606855604
730 0.8646833355265241
731 0.8643756879127639
732 0.8639138572396989
733 0.86336929913605
734 0.8627464909053737
735 0.8620457925517788
736 0.8612625379409706
737 0.8603933405063758
738 0.859432299127296
739 0.8583752334457972
740 0.8572217500637388
741 0.8559796701855814
742 0.8546209170438795
743 0.8531400177962604
744 0.851552445768704
745 0.8498668368443741
746 0.848085767654649
747 0.8462225960671682
748 0.8442734243816022
749 0.8422346641136073
750 0.8400875696294599
751 0.8378613038957466
752 0.8355406251784433
753 0.8331544151240942
754 0.8306845796990019
755 0.8280829801398207
756 0.8254426855914347
757 0.8228194531592633
758 0.8201554376200737
759 0.8174844565966902
760 0.8148524773673387
761 0.8122861824711359
762 0.809529227236812
763 0.8067046156884079
764 0.8038569883781447
765 0.8008465807889853
766 0.7978206664622941
767 0.7948252405374834
768 0.7919956539461136
769 0.789082144652677
770 0.785922568241651
771 0.7824620970026827
772 0.7793827764180167
773 0.7779279770747577
774 0.7763106927450129
775 0.7742705592669654
776 0.7722018926884524
777 0.7700611258601895
778 0.767882168341173
779 0.7657317573291759
780 0.7636041551524828
781 0.7615987527684437
782 0.759752103915237
783 0.7580234665052082
784 0.7563560983542074
785 0.7547558180591427
786 0.7532736975000954
787 0.7519337012540316
788 0.750694562877781
789 0.7498537006233251
790 0.7489017774862613
791 0.7479792195855322
792 0.7471111985038924
793 0.7460723282197859
794 0.7446181904130008
795 0.7435896000468756
796 0.7428098311515254
797 0.7422223975548946
798 0.7417400310527209
799 0.7413369834037762
800 0.740920138568531
801 0.7404892525838247
802 0.7400847371006436
803 0.7397113007450606
804 0.73936954189445
805 0.7390807108201667
806 0.7388778835283334
807 0.7387281036012492
808 0.7386463192349981
809 0.7386380628537377
810 0.7387089764236024
811 0.738845570337633
812 0.739067138800366
813 0.7393851930794646
814 0.7398218955503943
815 0.7403449793544071
816 0.7409665109722128
817 0.7416976573616615
818 0.742538204130032
819 0.7434842353956771
820 0.7445597455760778
821 0.7457160650002238
822 0.7469653035775277
823 0.7483303587802216
824 0.7498216638551256
825 0.7514444960928017
826 0.7531907797449494
827 0.7550489888269093
828 0.7570181616894784
829 0.7591261275021174
830 0.7613553704153986
831 0.7636714637234573
832 0.7660846980002718
833 0.7685818176383528
834 0.7711426876718648
835 0.773723289332347
836 0.7763450636349785
837 0.7790294339699017
838 0.7817704350943108
839 0.784546972364351
840 0.7873073673426804
841 0.7900768530873885
842 0.7927488648421975
843 0.7954862611614858
844 0.7981865001227563
845 0.8008388160822495
846 0.8034169970968008
847 0.8059448135906633
848 0.8084976585102394
849 0.8109497561282111
850 0.8133250419269618
851 0.8156655633412779
852 0.8179791468170969
853 0.8202582864479965
854 0.8224933405331166
855 0.8246812465795302
856 0.8268431624645847
857 0.8289675176272512
858 0.8310567310996022
859 0.8330938332314093
860 0.8351153161135247
861 0.8371680578039256
862 0.839148311555021
863 0.8409996857918227
864 0.842817196698878
865 0.8445676484167022
866 0.8463500636314966
867 0.8481333214179073
868 0.8496776554477836
869 0.8510889374099774
870 0.8523872454665282
871 0.8536014814742098
872 0.8547790084757876
873 0.8559716367028162
874 0.8571779872570734
875 0.8585971723027117
876 0.8602060964575834
877 0.8618355393761609
878 0.8631152145279796
879 0.8640026435741491
880 0.8645393974380525
881 0.8649837973657372
882 0.8654215668521167
883 0.8657775846566543
884 0.8660061048741615
885 0.8661052285405748
886 0.8661137422172108
887 0.8660301877154241
888 0.8658573785452074
889 0.8656309930639127
890 0.8653140059397818
891 0.8649322024044502
892 0.8643665493176292
893 0.8636452547511232
894 0.8627883360035802
895 0.8619023801975875
896 0.8608656838059012
897 0.8597103960825991
898 0.858469333433986
899 0.8571461354208929
900 0.8557519647398085
901 0.8543036421609808
902 0.8528164115632693
903 0.8513371577038505
904 0.849815066855192
905 0.8482014273678877
906 0.8464240031244015
907 0.8446348275563698
908 0.8428280550795434
909 0.8409613489405785
910 0.838991417290723
911 0.836936105677368
912 0.8348064906110489
913 0.8326224267628497
914 0.8303567106009708
915 0.8279797715014825
916 0.8255431013414535
917 0.8230576187898769
918 0.8205033511968772
919 0.8178069220328451
920 0.8150638214582046
921 0.8122885845569794
922 0.8094890000335863
923 0.8068650228600689
924 0.8042959700035798
925 0.8017440328177241
926 0.798918739342545
927 0.796063665522396
928 0.7934405932107695
929 0.7918852249319045
930 0.7902978379379814
931 0.7886349929532619
932 0.7867135714447886
933 0.7848944319791546
934 0.7831357516239024
935 0.7813722997213604
936 0.7796443434754118
937 0.7779350450545502
938 0.7762397754841028
939 0.7745305345144106
940 0.7728272886990187
941 0.7712255986728558
942 0.7697054432437188
943 0.7682401975034313
944 0.7668799391996554
945 0.7656676485217921
946 0.7646428186124608
947 0.7637192874285671
948 0.7628887678333899
949 0.7619731972633095
950 0.7613283933023371
951 0.7606442859154631
952 0.7598500268463992
953 0.7591453525435166
954 0.7585105905149298
955 0.7577931467266089
956 0.7570779617297921
957 0.756352711462646
958 0.7554319092251105
959 0.7545808439562206
960 0.7537986109121434
961 0.7530569263569631
962 0.7523851976846939
963 0.7517637266822617
964 0.7511632685426686
965 0.7505888205171697
966 0.7500433052747748
967 0.7495408993641423
968 0.7490742634599691
969 0.7486384844189514
970 0.7482687258622007
971 0.7479847253911049
972 0.7477934895863062
973 0.7477062388574192
974 0.7477223698119597
975 0.7478422925626163
976 0.7481036106281752
977 0.7484821976281729
978 0.7489893864617375
979 0.7496216780854735
980 0.7503749472006478
981 0.7512472288833921
982 0.7522394684544477
983 0.7533385370123323
984 0.7545581421034873
985 0.7558970358752651
986 0.757349764775915
987 0.7589092217821768
988 0.7605676766493644
989 0.7623268725800004
990 0.7641360381774107
991 0.7660237022210389
992 0.7680153096831556
993 0.7700942280838842
994 0.7722334107674307
995 0.7744083436125117
996 0.7766224578981856
997 0.7788721020691931
998 0.7811515688777732
999 0.7834526015385865
1000 0.7857680902658942
1001 0.7881049050925923
1002 0.7904497970885205
1003 0.7927624186612483
1004 0.7950486159153977
1005 0.79731823804099
1006 0.7995674047553971
1007 0.8017867289697375
1008 0.8039725378881259
1009 0.8061230082405189
1010 0.8082380241313331
1011 0.810316865720207
1012 0.8123631455713929
1013 0.8143705543848615
1014 0.8163414442105394
1015 0.8182806129407739
1016 0.820195571156726
1017 0.82209412264735
1018 0.823955047391815
1019 0.8257839288958947
1020 0.8275962534895083
1021 0.8294228255518505
1022 0.8311284813759569
1023 0.8327590276260066
1024 0.8343391152316403
1025 0.8358832043293215
1026 0.8374331491994804
1027 0.8389460122157038
1028 0.8404056445702067
1029 0.841829148185733
1030 0.8432914757376158
1031 0.8445639035172667
1032 0.845684120462211
1033 0.8467047608314993
1034 0.8476543705763205
1035 0.8485289643061121
1036 0.849293187009597
1037 0.8500183903870268
1038 0.8507090728557739
1039 0.8514333021859019
1040 0.8521902532991279
1041 0.8529739683346497
1042 0.8537413282452535
1043 0.8544520133496077
1044 0.8550493375125028
1045 0.8554631931569768
1046 0.8556690564549388
1047 0.8556590597851306
1048 0.8554821542896596
1049 0.8552161642511382
1050 0.854882602006286
1051 0.8544404573616906
1052 0.8539179085542409
1053 0.8533341032087751
1054 0.8526771834302231
1055 0.8519369863879082
1056 0.8511146531640013
1057 0.8502161011031439
1058 0.849257213988138
1059 0.8482300369047403
1060 0.847147012633924
1061 0.8460245233454787
1062 0.8448436849207881
1063 0.8435801656921208
1064 0.8422321139618398
1065 0.8408013856016971
1066 0.8392988973222392
1067 0.8377385554576879
1068 0.8361262594387654
1069 0.8344714372654342
1070 0.8327795291185441
1071 0.8312386160247097
1072 0.829546104100182
1073 0.8278078410593483
1074 0.8261001200420636
1075 0.8243968927043176
1076 0.8224541777357884
1077 0.8205350217350669
1078 0.8186256456592987
1079 0.8167064391334541
1080 0.8148475971258115
1081 0.8129864436247681
1082 0.8110569657693999
1083 0.8090952498726172
1084 0.807110330168379
1085 0.805132227282868
1086 0.803128076357098
1087 0.8010910471690567
1088 0.7990175916216621
1089 0.7968887765771917
1090 0.7947209167582987
1091 0.7925805941362084
1092 0.7904832459558671
1093 0.7884059180791505
1094 0.7863456072642863
1095 0.78439238743939
1096 0.782516360238567
1097 0.7806426147132837
1098 0.7787980964868626
1099 0.7768085022383366
1100 0.7748432337806793
1101 0.7729290473484169
1102 0.7711305806843672
1103 0.7692889153627138
1104 0.7674056533561664
1105 0.7655687166042655
1106 0.7638745893600503
1107 0.7621824522567712
1108 0.7605312931647945
1109 0.7589347930615994
1110 0.7574401059554137
1111 0.756010567114443
1112 0.7546476414972833
1113 0.7533638016142317
1114 0.7521565695757729
1115 0.7510379515285918
1116 0.7500563180384852
1117 0.749132395801867
1118 0.7483134078457743
1119 0.7476101779404826
1120 0.74701992964724
1121 0.7465552508508863
1122 0.746212878474949
1123 0.7459928894143385
1124 0.7459011469671802
1125 0.7459242733829222
1126 0.7460597472020647
1127 0.7463196566248916
1128 0.7467016847869906
1129 0.7472005210361951
1130 0.7478070443193797
1131 0.7485155049637928
1132 0.7493196373562505
1133 0.7502106090613094
1134 0.7511830299761864
1135 0.7522307205504438
1136 0.7533467300272662
1137 0.7545268459534339
1138 0.7557633843744688
1139 0.7570493961760599
1140 0.7583887184775182
1141 0.7597684112041528
1142 0.7611777008296825
1143 0.762617038778765
1144 0.7640853400164226
1145 0.7655677787825452
1146 0.7670676704103643
1147 0.768590575661418
1148 0.7701322282268821
1149 0.771687380746196
1150 0.7732483153448236
1151 0.7748137286981064
1152 0.7763837409082047
1153 0.7779575608063888
1154 0.7795334618541909
1155 0.7811103720388886
1156 0.7826855993771081
1157 0.7842572028686619
1158 0.7858239478226368
1159 0.7873847835123647
1160 0.7889389223768249
1161 0.7904852942812753
1162 0.7920289022195445
1163 0.7935644898350951
1164 0.7950910634871674
1165 0.7966107399951987
1166 0.7981263505785452
1167 0.7996367583312864
1168 0.8011407656491767
1169 0.8026425467260683
1170 0.8041374479773176
1171 0.8056233176785291
1172 0.8070985684899843
1173 0.8085620987296838
1174 0.8100138435833921
1175 0.8114591446448992
1176 0.8129025308430955
1177 0.814341989061343
1178 0.8157713737550764
1179 0.8171854097422572
1180 0.8186142411714209
1181 0.8200360498178058
1182 0.8213791849472122
1183 0.8226654629675278
1184 0.8239258428497608
1185 0.8251653338060144
1186 0.8263842336610033
1187 0.8276072975380272
1188 0.8288075344107729
1189 0.8299832925966131
1190 0.8311176221726735
1191 0.8322386142347462
1192 0.8333139213982967
1193 0.8343186456511801
1194 0.8352883680522701
1195 0.8361483694171744
1196 0.8369324928630701
1197 0.837665572301401
1198 0.8383617229425303
1199 0.8390040211273357
1200 0.8396031478913862
1201 0.8401682122236043
1202 0.8406806852281646
1203 0.8411327565655851
1204 0.8415298867462603
1205 0.84194515238417
1206 0.8423197810747824
1207 0.8426120189440428
1208 0.8428462907749629
1209 0.8430377294166931
1210 0.8431775673428566
1211 0.8432464596441589
1212 0.8433463336993072
1213 0.8433725877255778
1214 0.8432421635414294
1215 0.8429950570738478
1216 0.8426517814231927
1217 0.842215960794571
1218 0.8417000419784828
1219 0.8411105333382336
1220 0.8404574081118928
1221 0.8397499839882756
1222 0.8389923352831982
1223 0.8381927626878803
1224 0.8373550777567554
1225 0.8364749630940382
1226 0.8355546643563394
1227 0.8345881723288291
1228 0.8335937734487098
1229 0.8325711315573635
1230 0.8315090655110781
1231 0.8303991716769071
1232 0.8292576154272273
1233 0.8280732300178554
1234 0.8268516290495914
1235 0.8255813061674231
1236 0.8242958421480282
1237 0.8229862779043371
1238 0.8216440959975855
1239 0.8202678484098845
1240 0.81892972073174
1241 0.81755783154366
1242 0.8161508561354839
1243 0.8147227765699622
1244 0.8132823135797475
1245 0.8118263012420583
1246 0.8103616593292906
1247 0.808880095893577
1248 0.8073680210692116
1249 0.8058244541827585
1250 0.8042463190171125
1251 0.8026449936567184
1252 0.8010093304712037
1253 0.7993583551778869
1254 0.7977243105273977
1255 0.7961137669533637
1256 0.7945088903787056
1257 0.792917492760788
1258 0.791430437277881
1259 0.7899594423804963
1260 0.7884740341075337
1261 0.7869348205601302
1262 0.7852845214738242
1263 0.7835794317367807
1264 0.7819828003041096
1265 0.7804133531958164
1266 0.7788656480513348
1267 0.7773363631300054
1268 0.7758469015760469
1269 0.7744188035023465
1270 0.7730403295659932
1271 0.7717199144586917
1272 0.770382727751573
1273 0.7691138726382912
1274 0.7678847904795147
1275 0.7667066653918465
1276 0.7655778147039606
1277 0.7644975136606689
1278 0.7634648356789752
1279 0.7624861594738291
1280 0.7615679015717344
1281 0.7607205006203525
1282 0.7599849010898098
1283 0.7593192847551355
1284 0.7587328411750102
1285 0.7582411465686204
1286 0.7578490603890521
1287 0.7575597091723709
1288 0.757371557841407
1289 0.7572821230728211
1290 0.7572878777330874
1291 0.7573894024272968
1292 0.7575922166231527
1293 0.7578925342485603
1294 0.7582848681741409
1295 0.758762558700449
1296 0.7593187217257793
1297 0.7599469058189489
1298 0.7606500170423638
1299 0.7614092910944322
1300 0.7622199918149281
1301 0.7630831612244092
1302 0.7639957165477137
1303 0.7649538219785902
1304 0.7659525159087494
1305 0.7669857490377621
1306 0.7680495030875175
1307 0.7691409791725305
1308 0.7702568799101012
1309 0.771394249822637
1310 0.772550273230744
1311 0.7737224695810094
1312 0.7749092384568542
1313 0.7761074608745306
1314 0.7773158314242903
1315 0.778531362904333
1316 0.7797520856608152
1317 0.7809766199380167
1318 0.7822031272495905
1319 0.7834305099418722
1320 0.7846607161115997
1321 0.7858861544468648
1322 0.7871089127839195
1323 0.7883293368920576
1324 0.7895471850677486
1325 0.7907634138261228
1326 0.7919771714050238
1327 0.7931876448738087
1328 0.7943927970475557
1329 0.7955935689942708
1330 0.7967924998378053
1331 0.7979897691729486
1332 0.7991854337675972
1333 0.8003786169329262
1334 0.8015706825431321
1335 0.8027616709411155
1336 0.8039518258081361
1337 0.8051422430807812
1338 0.806333429215059
1339 0.8075273986065339
1340 0.8087246649162426
1341 0.8099165556849883
1342 0.8111215278528595
1343 0.8123167165831211
1344 0.8135050600700123
1345 0.8146365151434937
1346 0.8157231120761367
1347 0.8168075818617839
1348 0.8178922698060962
1349 0.8189683156750196
1350 0.8200234106061184
1351 0.8210563166485314
1352 0.8220863165087705
1353 0.8231171988859263
1354 0.8241055115228302
1355 0.8250499578436409
1356 0.8259745060236434
1357 0.8268991179717979
1358 0.8277739074890458
1359 0.8285940577098923
1360 0.8293576485840404
1361 0.8300997012782483
1362 0.8307621379145516
1363 0.8313642589306003
1364 0.8319281712740122
1365 0.8324592197460452
1366 0.8329394061977097
1367 0.8333897747731472
1368 0.8338081303452214
1369 0.8341962668082019
1370 0.8345453423850897
1371 0.8348327333798521
1372 0.8350458073803085
1373 0.8352298689972655
1374 0.8354078865529586
1375 0.8355110879970041
1376 0.8355523050266909
1377 0.8355456100199506
1378 0.8355005546240519
1379 0.8354113852135813
1380 0.8352969184969287
1381 0.8351334439302197
1382 0.8349209201338316
1383 0.8346569042644981
1384 0.8343244687529894
1385 0.833934371908895
1386 0.8335053268576558
1387 0.833014161053228
1388 0.8324646991174498
1389 0.8318590253860092
1390 0.8312044449995609
1391 0.8305089015080072
1392 0.8297717952672917
1393 0.8289889024584196
1394 0.8281735819517316
1395 0.8273292991270556
1396 0.8264568166443345
1397 0.8255558425460705
1398 0.8246284765470967
1399 0.8236762215558435
1400 0.8226995817687817
1401 0.8217037561734839
1402 0.8206900381720077
1403 0.819654441243155
1404 0.8185939144895547
1405 0.8175071604877905
1406 0.8163989329401956
1407 0.815272928652911
1408 0.814135588746244
1409 0.8129770983988639
1410 0.8117890384462322
1411 0.8105746723500841
1412 0.8093390829804854
1413 0.8080873870240298
1414 0.8068243447676119
1415 0.8055517634411877
1416 0.8042734221241239
1417 0.8030024299114656
1418 0.8017499156112732
1419 0.8004967896817323
1420 0.799230709291134
1421 0.79792894096546
1422 0.7967330208516491
1423 0.7954885240264024
1424 0.7942883871095556
1425 0.7930188427920218
1426 0.7917072418477403
1427 0.7904458287009957
1428 0.7891921667964102
1429 0.7879494660440669
1430 0.7867521363883511
1431 0.7855485132195518
1432 0.7843487585621096
1433 0.783173590767836
1434 0.7820661906529942
1435 0.7809864923481552
1436 0.77992909121356
1437 0.7789060245235581
1438 0.7779045414623152
1439 0.7769375123866964
1440 0.7760198304902943
1441 0.7751705949916474
1442 0.7743561394453967
1443 0.7735767979423381
1444 0.7728099156061599
1445 0.7720892847701233
1446 0.771407872557769
1447 0.7707852484646526
1448 0.770221951061976
1449 0.7697115377090553
1450 0.7692509628858095
1451 0.7688506184649241
1452 0.7685171183538042
1453 0.7682535126905634
1454 0.7680601557370762
1455 0.7679354037802429
1456 0.7678769702081181
1457 0.7678829367093252
1458 0.7679732123200861
1459 0.7681274813241263
1460 0.7683390680348761
1461 0.7686127030765854
1462 0.7689500280137077
1463 0.769349505871776
1464 0.7698109037012938
1465 0.770328756188612
1466 0.7708967900454639
1467 0.7715095718034577
1468 0.7721636750945033
1469 0.7728567642276116
1470 0.773587012681032
1471 0.774352125924435
1472 0.7751500396641956
1473 0.7759781591705834
1474 0.7768340556117994
1475 0.7777144554798744
1476 0.7786162578727974
1477 0.7795368123225311
1478 0.780473430736019
1479 0.7814237486158327
1480 0.7823965344924024
1481 0.7833675429457939
1482 0.7843398656670472
1483 0.7853169746666513
1484 0.7862990212474249
1485 0.7872850206455198
1486 0.7882733648750823
1487 0.7892625349213653
1488 0.7902514119868748
1489 0.7912395066375059
1490 0.7922251464592798
1491 0.7932080829629484
1492 0.7941883702215392
1493 0.795165505160583
1494 0.7961395130088782
1495 0.7971116903373386
1496 0.7980826592065094
1497 0.7990532025040816
1498 0.8000242913552119
1499 0.8009970018219024
1500 0.8019719986524211
1501 0.8029583950100205
1502 0.803944775283413
1503 0.8049260824531683
1504 0.8059060048134481
1505 0.8068887595347082
1506 0.8078738785061995
1507 0.8088372406611076
1508 0.8097699249261964
1509 0.8106916474342178
1510 0.8116105364993945
1511 0.8125359053020422
1512 0.8134606060181735
1513 0.8143769077336246
1514 0.815278322300957
1515 0.8161590176449931
1516 0.8170262665959668
1517 0.8179130937807055
1518 0.8187736383905337
1519 0.8196008042486369
1520 0.8203987225495831
1521 0.8211853893626618
1522 0.8219710651526385
1523 0.8226949350958738
1524 0.8234155099209686
1525 0.8240810024788515
1526 0.8246987316550789
1527 0.8252997750551317
1528 0.82585859319865
1529 0.8263576429210066
1530 0.8268138826055489
1531 0.8272372767492718
1532 0.8276318388575792
1533 0.8279850619351001
1534 0.8283145190754607
1535 0.8286174373856776
1536 0.8288917065398312
1537 0.8291314663070749
1538 0.8293290418229812
1539 0.8294744767811402
1540 0.8295635659687923
1541 0.8296059445914122
1542 0.8296313657542972
1543 0.8296062306748394
1544 0.829525751914713
1545 0.8293977060147646
1546 0.8292342828397501
1547 0.8290417928879705
1548 0.8288173541289426
1549 0.8285457258685418
1550 0.8282384354371101
1551 0.8278962955723219
1552 0.8275244000180845
1553 0.8271239946490376
1554 0.8266935941008248
1555 0.8262287356466399
1556 0.8256938892764717
1557 0.8251291066377544
1558 0.8245355066197477
1559 0.8239083632628322
1560 0.8232537821593291
1561 0.8225773126692506
1562 0.8218840417870616
1563 0.8211731613593172
1564 0.8204444341646995
1565 0.8196959960211616
1566 0.8189263234503026
1567 0.8181342357681854
1568 0.8173180997881753
1569 0.8164830958532188
1570 0.815623083904458
1571 0.8147423279159569
1572 0.8138414824398764
1573 0.8129200641049998
1574 0.8119765988902583
1575 0.8110146373206958
1576 0.8100349116789369
1577 0.809049678598968
1578 0.8080474031133632
1579 0.807020808740754
1580 0.8059803329803916
1581 0.8049721601120657
1582 0.804024950358751
1583 0.8030713662316578
1584 0.8020980087769302
1585 0.8011285764782841
1586 0.8001330919873096
1587 0.7991026709557039
1588 0.7981027810582513
1589 0.7970678149026367
1590 0.7960331406283877
1591 0.795015251913964
1592 0.7940226237996456
1593 0.7930375068355544
1594 0.7920388306724047
1595 0.791096746185658
1596 0.7901556069879395
1597 0.7892014073709914
1598 0.7882497258185541
1599 0.7873160754451189
1600 0.7863957039597099
1601 0.7854963838058903
1602 0.7846285792183889
1603 0.7837876709631508
1604 0.7829766604609354
1605 0.782188110275604
1606 0.7814220237561276
1607 0.7806879974434279
1608 0.7799938770574291
1609 0.7793310568247706
1610 0.7786983150624843
1611 0.7780983276920668
1612 0.7775479069221302
1613 0.7770873588790891
1614 0.776647511419903
1615 0.7762300134245892
1616 0.7758538817623687
1617 0.7755234694105552
1618 0.7752449450150454
1619 0.7750105971548007
1620 0.774831595002835
1621 0.7747111162420255
1622 0.7746397916438799
1623 0.7746140565216585
1624 0.7746404922009451
1625 0.7747198021544994
1626 0.7748529415382764
1627 0.7750412626452363
1628 0.7752834397090157
1629 0.7755751847757586
1630 0.7759147535222024
1631 0.7763038592480501
1632 0.7767428559636861
1633 0.7772174751151169
1634 0.7777279509671692
1635 0.7782650430050463
1636 0.7788352177966154
1637 0.7794405967432724
1638 0.7800799335663313
1639 0.7807481092557388
1640 0.7814449515467189
1641 0.7821676554544362
1642 0.7829113640314526
1643 0.7836717522642518
1644 0.7844459431207467
1645 0.7852321751231229
1646 0.7860292757892039
1647 0.786836071016624
1648 0.7876512650890027
1649 0.7884734762137473
1650 0.789301185772186
1651 0.7901332488600127
1652 0.7909685822726061
1653 0.7918056417382443
1654 0.7926432433742474
1655 0.7934806380136465
1656 0.7943160296088259
1657 0.7951505690314205
1658 0.7959837050979679
1659 0.7968156336107124
1660 0.7976470588858797
1661 0.7984782100259221
1662 0.7993078859660078
1663 0.8001378538498647
1664 0.8009695145459562
1665 0.801803061479518
1666 0.8026370024063801
1667 0.8034594229767209
1668 0.8042634718790749
1669 0.805065342613274
1670 0.805869489307832
1671 0.806676418014858
1672 0.8074787240243144
1673 0.8082759584410465
1674 0.8090741107749744
1675 0.8098685150093078
1676 0.8106551794381375
1677 0.8114309542970456
1678 0.8121946537548687
1679 0.8129536929291752
1680 0.8136971163634521
1681 0.8144472342732197
1682 0.8151788071434365
1683 0.8158854171815243
1684 0.8165683938751116
1685 0.8172375651006194
1686 0.8179093197516247
1687 0.8185406730623175
1688 0.8191357472175971
1689 0.8197309694834664
1690 0.8202876666373446
1691 0.8208159815359808
1692 0.8213088580336849
1693 0.8217628601294312
1694 0.8222089109848948
1695 0.8226037634079347
1696 0.8229618921166502
1697 0.8232910982531186
1698 0.8235942612715438
1699 0.8238630682873453
1700 0.8241089823165881
1701 0.8243303639944259
1702 0.8245264301329974
1703 0.8246949943459296
1704 0.8248309857677267
1705 0.8249291656386749
1706 0.8249839320706405
1707 0.8249947278870861
1708 0.8249725730034686
1709 0.8249135022595127
1710 0.824826751653844
1711 0.8247113495730264
1712 0.8245495804231785
1713 0.8243454157238848
1714 0.8241093676732865
1715 0.8238483960067999
1716 0.8235570307688622
1717 0.8232316147800085
1718 0.8228775538636732
1719 0.8224975279741592
1720 0.8220922779132827
1721 0.8216635204761795
1722 0.8212127977579657
1723 0.8207389031117723
1724 0.820240114631785
1725 0.8197157216315951
1726 0.8191673351222711
1727 0.8185914379142242
1728 0.8179950278951005
1729 0.8173787794849515
1730 0.8167450193862619
1731 0.8160940937202725
1732 0.8154266488785872
1733 0.8147437827050338
1734 0.8140468811941489
1735 0.8133375634261951
1736 0.8126191957026339
1737 0.8118930740762578
1738 0.8111641237462195
1739 0.8104309975175077
1740 0.8096979188117008
1741 0.8089641437577483
1742 0.8082302270382298
1743 0.8074855558563011
1744 0.8067289363348962
1745 0.8059543401336535
1746 0.8051637604695
1747 0.8043641352634553
1748 0.8035578488817913
1749 0.8027485394116322
1750 0.8019420615090321
1751 0.8011414420246227
1752 0.8003784324117401
1753 0.7996106448261394
1754 0.7988416644664685
1755 0.7980762057117839
1756 0.7973136844160424
1757 0.7965524199208607
1758 0.7957856187627631
1759 0.7950468932306176
1760 0.7943244827823939
1761 0.7936098582873512
1762 0.7928964109207195
1763 0.7921804851155879
1764 0.7914536204303476
1765 0.7907286495189962
1766 0.7900117016345759
1767 0.7893089320519788
1768 0.7886278725419843
1769 0.7879716414762244
1770 0.78734144247356
1771 0.7867362079384127
1772 0.7861570178792289
1773 0.7856032500577318
1774 0.7850755597533283
1775 0.7845568474486334
1776 0.7840716199088523
1777 0.7836216095907556
1778 0.7832031436254625
1779 0.7828164400832791
1780 0.7824659469387878
1781 0.7821527719945187
1782 0.7818730449287004
1783 0.7816278936268225
1784 0.7814236709022039
1785 0.7812664929762153
1786 0.7811559953776869
1787 0.7810603273000285
1788 0.7809914342148814
1789 0.7809597357900026
1790 0.780971253745567
1791 0.7810257359179715
1792 0.781122249925546
1793 0.7812563067725584
1794 0.7814284000415106
1795 0.7816453734464008
1796 0.7818984114314856
1797 0.7821822412780549
1798 0.7824941183795492
1799 0.7828341386041768
1800 0.7832023468595841
1801 0.7835981023521493
1802 0.7840204179199637
1803 0.7844681253183083
1804 0.7849399742616237
1805 0.7854343777682654
1806 0.7859584339461033
1807 0.7864965939401642
1808 0.787050144493565
1809 0.7876200553942538
1810 0.7882060293743127
1811 0.7888070047277572
1812 0.7894216178698733
1813 0.7900485382970338
1814 0.7906864668111901
1815 0.7913341061110163
1816 0.7919901592889643
1817 0.7926534155054258
1818 0.7933231267811397
1819 0.7939982993254322
1820 0.794678095647017
1821 0.7953618443534083
1822 0.7960488798973226
1823 0.796738672541437
1824 0.7974308705909157
1825 0.7981248060924748
1826 0.7988200639573098
1827 0.7995157954590332
1828 0.8002121542648876
1829 0.8009087090977861
1830 0.8016049670267757
1831 0.8023004623713256
1832 0.8029953366780118
1833 0.8036883508972786
1834 0.8043726917764533
1835 0.8050590908047232
1836 0.8057443568325924
1837 0.8064252042133376
1838 0.8070996488652937
1839 0.8077667345783959
1840 0.8084344731263368
1841 0.8090878772495632
1842 0.8097265568067354
1843 0.8103549541464348
1844 0.8109909881323869
1845 0.8116174563470752
1846 0.8122250181696775
1847 0.8128152950002494
1848 0.8133876767498319
1849 0.8139601711458679
1850 0.814516971709159
1851 0.8150519064344504
1852 0.8155537190424478
1853 0.8160416512093205
1854 0.8165257986975342
1855 0.8169831516195082
1856 0.8174202228389295
1857 0.8178370731462073
1858 0.8182266544931712
1859 0.8185804183463781
1860 0.8189031633228301
1861 0.8192113155582923
1862 0.8194974053816741
1863 0.8197536038063401
1864 0.8199860273123282
1865 0.8201927744089406
1866 0.8203723843819279
1867 0.8205325946102821
1868 0.8206707290112756
1869 0.8207862317887574
1870 0.8208787016107487
1871 0.8209441563276539
1872 0.820979464100506
1873 0.8209820228314723
1874 0.820950473530599
1875 0.8208842817529866
1876 0.8207855787665462
1877 0.8206710773490076
1878 0.8205213173279028
1879 0.8203555046870149
1880 0.8201622486123669
1881 0.8199453408865368
1882 0.8197022897031531
1883 0.8194292975566039
1884 0.8191281743373562
1885 0.8188043227009292
1886 0.8184593134438768
1887 0.818091984789255
1888 0.8177032420266909
1889 0.8172965396473403
1890 0.8168726465068191
1891 0.8164325052901833
1892 0.8159754793244443
1893 0.8155013227739663
1894 0.8150108077364727
1895 0.8145046563352386
1896 0.813983511898826
1897 0.8134490662485866
1898 0.8129013108639149
1899 0.8123414487450152
1900 0.8117687332464112
1901 0.8111842566657447
1902 0.81058815373271
1903 0.8099801019865802
1904 0.809362260174001
1905 0.8087371261900015
1906 0.8081066871456883
1907 0.8074721926193394
1908 0.8068335848628846
1909 0.8061906408506709
1910 0.8055450087610536
1911 0.8049001019941022
1912 0.8042569091922344
1913 0.8036164909593007
1914 0.8029738335013699
1915 0.8023399444523218
1916 0.8017153314252894
1917 0.8010839401987522
1918 0.8004514705519914
1919 0.7998212137079671
1920 0.7991937036414275
1921 0.7985637963287068
1922 0.7979564034103936
1923 0.7973543249336518
1924 0.7967546917394184
1925 0.7961587143106003
1926 0.795568286297863
1927 0.7949848347175738
1928 0.7944103062243095
1929 0.7938459901351199
1930 0.7932825998130689
1931 0.7927243772022396
1932 0.7921776940743859
1933 0.7916434298605516
1934 0.791128488306107
1935 0.7906362116817205
1936 0.7901675720745549
1937 0.7897217723223898
1938 0.789298978725457
1939 0.7888961452580884
1940 0.7885128757518221
1941 0.7881488556564618
1942 0.787791516380276
1943 0.7874665554712901
1944 0.7871653230356154
1945 0.7868871517543256
1946 0.786633568733187
1947 0.7864094303284358
1948 0.7862130666560173
1949 0.7860418163289401
1950 0.7858947573969379
1951 0.7857723619595198
1952 0.7856732015270002
1953 0.7856030421339507
1954 0.7855741983436926
1955 0.7855651304948283
1956 0.7855854690800538
1957 0.78565329661858
1958 0.7857379751440126
1959 0.7858449872491249
1960 0.7859788136922018
1961 0.7861406599524573
1962 0.786330068125294
1963 0.7865462534679656
1964 0.7867872310541877
1965 0.7870524366594114
1966 0.7873407768571898
1967 0.7876512401879118
1968 0.7879802056033898
1969 0.7883324700471114
1970 0.7887080324143706
1971 0.7891016806167235
1972 0.7895107828786686
1973 0.7899347856740497
1974 0.7903737375037408
1975 0.7908276118021408
1976 0.7912957628102137
1977 0.7917776703714012
1978 0.7922725401507937
1979 0.7927794971233667
1980 0.7932974678470031
1981 0.7938255114906297
1982 0.7943627393552342
1983 0.7949115741250997
1984 0.795465565468517
1985 0.7960245499115927
1986 0.7965885073622887
1987 0.79715695801785
1988 0.7977291989154995
1989 0.7983049133760911
1990 0.798882729027198
1991 0.7994602483801079
1992 0.8000392912156499
1993 0.8006207403804709
1994 0.8012039953280548
1995 0.8017889984880194
1996 0.8023706909761384
1997 0.8029490868029134
1998 0.8035246736288386
1999 0.8040976174932584
2000 0.8046676282177694
2001 0.8052339977788578
2002 0.8057960698465539
2003 0.8063532103431278
2004 0.8069031768971737
2005 0.8074567527520726
2006 0.8080102479879162
2007 0.8085509361686455
2008 0.8090795510159458
2009 0.8095975601807734
2010 0.810105183810957
2011 0.8106098504188217
2012 0.8111085470137012
2013 0.8115861206463755
2014 0.8120513509682037
2015 0.8124924602880887
2016 0.8129195215653594
2017 0.8133356434070945
2018 0.8137464243562386
2019 0.8141417671004078
2020 0.8145185727066366
2021 0.8148784535102751
2022 0.8152223228720477
2023 0.8155449089320183
2024 0.8158405235086801
2025 0.8161066083657741
2026 0.8163491908443055
2027 0.8165725262879379
2028 0.8167788205896593
2029 0.8169683374994813
2030 0.8171406275376237
2031 0.8172926409749168
2032 0.8174194532604514
2033 0.8175294526165665
2034 0.81762071260243
2035 0.817691029911531
2036 0.8177369443374253
2037 0.8177551770401752
2038 0.8177498984439106
2039 0.8177278092163197
2040 0.8176858900839973
2041 0.8176153737997922
2042 0.8175164739010538
2043 0.8173911901268918
2044 0.8172414716949274
2045 0.8170699340533265
2046 0.816885117680012
2047 0.8166919956562925
2048 0.8164703551106589
2049 0.8162289639920985
2050 0.8159679095976883
2051 0.8156871535533271
2052 0.8153886915843622
2053 0.8150738165635223
2054 0.8147431998181917
2055 0.8143976674485912
2056 0.814038729262192
2057 0.8136667912910051
2058 0.8132807264396391
2059 0.8128806726487237
2060 0.812467234309029
2061 0.8120402586186164
2062 0.81160102137362
2063 0.8111521018210598
2064 0.8106939446869772
2065 0.810226154653706
2066 0.8097486721418961
2067 0.8092619051757576
2068 0.808767494359504
2069 0.8082657900363224
2070 0.8077574506684935
2071 0.807243276249054
2072 0.8067241339560119
2073 0.8062009503317675
2074 0.8056743556442172
2075 0.8051452070720488
2076 0.8046236647861905
2077 0.8040989038659351
2078 0.8035699496054515
2079 0.8030395686990303
2080 0.8025091087426885
2081 0.8019777846906514
2082 0.8014468096576579
2083 0.8009256723657219
2084 0.8004064211567864
2085 0.7998892454333182
2086 0.7993747269489022
2087 0.7988630533133515
2088 0.7983558219902338
2089 0.7978541271985617
2090 0.7973588051159276
2091 0.7968705928069123
2092 0.796391073607607
2093 0.7959209218241011
2094 0.79546026052734
2095 0.7950048821360055
2096 0.7945519148799883
2097 0.7941074809307833
2098 0.7936736136424544
2099 0.7932550575462906
2100 0.7928560606521701
2101 0.7924777756916007
2102 0.7921182000029654
2103 0.7917784346539884
2104 0.7914560467977567
2105 0.7911505827625124
2106 0.7908610529997436
2107 0.7905824821757405
2108 0.7903179241612319
2109 0.7900807695453728
2110 0.7898648055885672
2111 0.7896697747840635
2112 0.7894923736433103
2113 0.789335244462084
2114 0.7891985039079257
2115 0.7890811634873838
2116 0.7889829362899213
2117 0.7889041270198623
2118 0.7888456623740626
2119 0.7888105000558393
2120 0.7887985174118467
2121 0.7888095519990794
2122 0.788843576537142
2123 0.7889109168232825
2124 0.7889931465110964
2125 0.7890957336030537
2126 0.7892195305910349
2127 0.7893643032611128
2128 0.7895297002210491
2129 0.7897239614386993
2130 0.7899358027580936
2131 0.7901615158848493
2132 0.7904040441264485
2133 0.7906647284426656
2134 0.790943424666988
2135 0.7912393756479196
2136 0.7915513366087641
2137 0.7918784146580609
2138 0.7922198887422657
2139 0.7925750896421621
2140 0.7929433690798002
2141 0.7933241196237941
2142 0.7937167222544368
2143 0.7941205670161092
2144 0.7945350871568512
2145 0.7949593521783402
2146 0.7953926164633698
2147 0.795834174061673
2148 0.7962832632143967
2149 0.7967388695199339
2150 0.7971998240421925
2151 0.7976658609117686
2152 0.7981361564159017
2153 0.7986101351941496
2154 0.7990871861911959
2155 0.7995666975104203
2156 0.800048099668236
2157 0.8005308642596899
2158 0.8010144172232796
2159 0.801498255060679
2160 0.8019816939937405
2161 0.8024639411740486
2162 0.8029446546510176
2163 0.8034236626145453
2164 0.8039059250709693
2165 0.8043898050567799
2166 0.8048667777237222
2167 0.8053372182983106
2168 0.8058022903189871
2169 0.8062622555228799
2170 0.806716905945007
2171 0.8071659280478469
2172 0.8076147302552628
2173 0.8080617440823242
2174 0.8084943479688158
2175 0.8089153824038743
2176 0.8093270011706022
2177 0.8097288825378209
2178 0.8101149865656477
2179 0.8104920837661468
2180 0.8108614233978096
2181 0.811221245352905
2182 0.8115700318209206
2183 0.81191093569399
2184 0.8122378041134584
2185 0.8125485888136723
2186 0.8128453379172896
2187 0.8131267404858774
2188 0.8133920902832672
2189 0.8136362794605911
2190 0.81385641117068
2191 0.8140533889470656
2192 0.8142330656957226
2193 0.8143976042560459
2194 0.8145477021103963
2195 0.8146835187930512
2196 0.8148045748620169
2197 0.8149083775024289
2198 0.8149902622368957
2199 0.8150581409784821
2200 0.8151103417284367
2201 0.815145214446533
2202 0.8151611941769729
2203 0.8151566173980743
2204 0.8151288192705994
2205 0.815081069318572
2206 0.8150172837915215
2207 0.8149361857468104
2208 0.8148352646371806
2209 0.8147147131656202
2210 0.814575348883029
2211 0.8144182784899154
2212 0.8142443549064756
2213 0.8140542189569562
2214 0.8138490787070297
2215 0.8136370756797416
2216 0.8134057588750245
2217 0.8131570884943861
2218 0.8128946749729755
2219 0.8126199446217909
2220 0.8123334668849567
2221 0.8120348363393773
2222 0.8117253829353908
2223 0.8114062098100191
2224 0.8110760276916403
2225 0.8107351145663959
2226 0.8103847571758664
2227 0.8100244220079168
2228 0.8096541901078744
2229 0.8092750752711062
2230 0.8088882402446556
2231 0.8084946932813645
2232 0.8080948179399399
2233 0.8076890483831586
2234 0.8072778135440115
2235 0.8068614838243756
2236 0.8064405021240437
2237 0.8060154447287958
2238 0.8055856049324897
2239 0.8051535456773208
2240 0.8047216621064718
2241 0.8042872075798895
2242 0.8038503442397442
2243 0.8034118803341613
2244 0.8029726318827333
2245 0.8025339854149018
2246 0.8020961205213438
2247 0.8016591779897256
2248 0.8012234239560658
2249 0.8007893772475194
2250 0.8003576579636409
2251 0.7999288942736398
2252 0.799503703740067
2253 0.7990827322485213
2254 0.7986661223778481
2255 0.7982550681673726
2256 0.7978507029928822
2257 0.7974540380896143
2258 0.7970646342079087
2259 0.79668329514785
2260 0.7963035627124313
2261 0.7959266450590758
2262 0.7955578449625441
2263 0.795197642712967
2264 0.7948507150199459
2265 0.7945197784332051
2266 0.7942050634145766
2267 0.7939067325663965
2268 0.7936239114094811
2269 0.7933559855358294
2270 0.7931022454273741
2271 0.7928616467834978
2272 0.7926288248743468
2273 0.7924088508982865
2274 0.7922106283571391
2275 0.7920306227187862
2276 0.7918669514679183
2277 0.7917230379566287
2278 0.7915966980659921
2279 0.7914854952610717
2280 0.7913854457540012
2281 0.7912989936634303
2282 0.7912301354571035
2283 0.791180921188951
2284 0.7911512369507838
2285 0.7911410639371811
2286 0.7911500862987345
2287 0.7911781839038454
2288 0.7912244349021488
2289 0.7912892111869578
2290 0.7913724301482663
2291 0.7914736943265583
2292 0.7915932172906937
2293 0.7917358666835754
2294 0.7918903468156943
2295 0.7920602597935612
2296 0.7922463021428616
2297 0.7924477143064877
2298 0.7926643869737148
2299 0.792895852999611
2300 0.7931415176112868
2301 0.7934007698854323
2302 0.7936730993155983
2303 0.7939579158366509
2304 0.7942546432975763
2305 0.7945627969641229
2306 0.7948827201757759
2307 0.7952142012181204
2308 0.7955528898152352
2309 0.7958996449540588
2310 0.7962546462606835
2311 0.7966174621262423
2312 0.7969875090288473
2313 0.7973640434301222
2314 0.797746134829733
2315 0.7981330543139228
2316 0.798524276358371
2317 0.7989218205929669
2318 0.7993222574672199
2319 0.7997244082490024
2320 0.8001279881223371
2321 0.8005327925352517
2322 0.800938504246975
2323 0.8013447124301282
2324 0.8017503451636022
2325 0.8021557663155723
2326 0.8025603389501145
2327 0.8029636281252122
2328 0.8033653014933437
2329 0.8037650628426404
2330 0.8041625895030152
2331 0.804557449379765
2332 0.8049563072921032
2333 0.8053501009572137
2334 0.8057369742786763
2335 0.8061186044462544
2336 0.806494977355144
2337 0.8068648472209183
2338 0.8072281881091531
2339 0.807585082898764
2340 0.8079308207946625
2341 0.808270071445937
2342 0.8086035814612809
2343 0.8089308338230247
2344 0.8092504621214286
2345 0.8095610576083603
2346 0.8098617979744239
2347 0.8101522553000362
2348 0.8104334737914372
2349 0.8107066539764993
2350 0.8109651767959628
2351 0.8112103782763704
2352 0.8114424995738976
2353 0.8116611000826296
2354 0.8118629787516584
2355 0.8120475118270907
2356 0.8122111204535682
2357 0.8123584485394472
2358 0.8124919838150084
2359 0.8126128657057268
2360 0.8127216719610698
2361 0.8128182443875311
2362 0.8129019777426602
2363 0.8129714153854746
2364 0.8130205593765797
2365 0.8130580521277166
2366 0.81308246206339
2367 0.8130922232326364
2368 0.8130864726373176
2369 0.8130646375390849
2370 0.8130265804295969
2371 0.8129692064849123
2372 0.8128935409479127
2373 0.8128048277247426
2374 0.8127037393977413
2375 0.812587838467674
2376 0.8124560763906301
2377 0.8123089478489822
2378 0.8121475750712966
2379 0.8119730173931363
2380 0.8117860255668172
2381 0.8115872007317195
2382 0.8113768183690063
2383 0.8111589852157352
2384 0.8109320726264388
2385 0.8106926619945364
2386 0.8104422144498413
2387 0.810181835091937
2388 0.8099123357780543
2389 0.8096344563107476
2390 0.8093484255322253
2391 0.8090545453095435
2392 0.808753190678165
2393 0.8084447029052837
2394 0.8081295478466908
2395 0.8078080423984267
2396 0.8074807423015824
2397 0.8071484357706268
2398 0.8068112349691944
2399 0.80646917552246
2400 0.8061227913964297
2401 0.8057727904928212
2402 0.8054201067831404
2403 0.8050651063493907
2404 0.8047078633553443
2405 0.8043486337724497
2406 0.803987702634923
2407 0.8036253575322851
2408 0.8032621292766744
2409 0.8028984250891983
2410 0.80253461409559
2411 0.8021710783410751
2412 0.8018082103551321
2413 0.8014464136747541
2414 0.8010861079815058
2415 0.8007277195880871
2416 0.8003716414084961
2417 0.8000183474515555
2418 0.7996683739587426
2419 0.7993222711914897
2420 0.7989807578624316
2421 0.7986445336222235
2422 0.7983137166922779
2423 0.7979887945500712
2424 0.7976671967227981
2425 0.7973449034023229
2426 0.7970265750968112
2427 0.7967146108265608
2428 0.796411627610352
2429 0.7961206648832364
2430 0.7958426194990962
2431 0.7955795316707704
2432 0.7953299155470613
2433 0.7950923370266741
2434 0.7948658321052182
2435 0.7946500708532264
2436 0.7944452301048994
2437 0.7942421878279158
2438 0.7940576864963532
2439 0.7938895099512884
2440 0.7937354807740409
2441 0.7935967004937644
2442 0.7934727918854489
2443 0.7933632515934144
2444 0.7932661717175246
2445 0.7931818002881634
2446 0.79311214562231
2447 0.7930578438772261
2448 0.7930184282082663
2449 0.7929919976728728
2450 0.7929821425283278
2451 0.7929894447100682
2452 0.7930135340942086
2453 0.7930537532525039
2454 0.7931096274112303
2455 0.7931805758144962
2456 0.7932665579594528
2457 0.7933678163623885
2458 0.7934839390299263
2459 0.7936145244246084
2460 0.7937590625844522
2461 0.7939172506610807
2462 0.7940891464826095
2463 0.7942735386317573
2464 0.7944701751801135
2465 0.7946792917473976
2466 0.7949026420614098
2467 0.7951342004952419
2468 0.7953755093527628
2469 0.7956264759276361
2470 0.7958864252335498
2471 0.7961552720488351
2472 0.79643258807099
2473 0.7967180224049282
2474 0.7970111733752012
2475 0.7973114326393782
2476 0.7976181554823004
2477 0.7979307692396449
2478 0.7982486252495098
2479 0.7985710006592864
2480 0.7988973305731737
2481 0.7992271272144238
2482 0.7995599759254512
2483 0.7998954429970344
2484 0.8002330678597264
2485 0.8005723723047903
2486 0.8009129688018888
2487 0.801254443343971
2488 0.8015963803690589
2489 0.8019409807024787
2490 0.8022863801354022
2491 0.8026292570842042
2492 0.8029705124627942
2493 0.8033102046683994
2494 0.8036481313762567
2495 0.8039840148139585
2496 0.8043175624270427
2497 0.8046484978083768
2498 0.8049764667108811
2499 0.8053004113979192
2500 0.8056201807529061
2501 0.8059333005322791
2502 0.8062416075692942
2503 0.806546223855914
2504 0.8068467914470108
2505 0.8071425366700413
2506 0.8074327101207405
2507 0.807716711261941
2508 0.8079934864505434
2509 0.8082624654945963
2510 0.808523249991389
2511 0.808775525956331
2512 0.8090191799068623
2513 0.8092533712886288
2514 0.809482060068724
2515 0.8096982193840572
2516 0.8099021898215146
2517 0.8100942218111844
2518 0.8102750174539368
2519 0.8104441183359525
2520 0.810598150188009
2521 0.8107368974017958
2522 0.8108592729887195
2523 0.8109683487107318
2524 0.8110657816451833
2525 0.8111526115586779
2526 0.8112291671695708
2527 0.8112951758265458
2528 0.8113500345767561
2529 0.8113930461135503
2530 0.8114190555615288
2531 0.8114333402632082
2532 0.8114367737167532
2533 0.8114283442703752
2534 0.8114070999376285
2535 0.8113725584497755
2536 0.8113246459299106
2537 0.8112629187060172
2538 0.811187989802907
2539 0.8110973764892966
2540 0.8109928581785668
2541 0.8108787257451001
2542 0.8107546287315929
2543 0.8106189876249076
2544 0.8104712718593186
2545 0.8103119713596766
2546 0.8101420186674289
2547 0.8099621913972591
2548 0.8097730215579165
2549 0.8095748497354719
2550 0.8093679721161939
2551 0.8091533509623206
2552 0.8089339231649212
2553 0.8087094263889575
2554 0.8084757385942323
2555 0.8082342160228786
2556 0.8079861148723096
2557 0.8077320677764461
2558 0.8074724518343618
2559 0.8072075537338108
2560 0.8069376399066883
2561 0.8066630400530801
2562 0.8063841074488297
2563 0.8061012127761235
2564 0.8058147356201673
2565 0.8055251155205198
2566 0.8052327364328392
2567 0.8049379077925051
2568 0.8046408236601776
2569 0.8043418407495637
2570 0.8040412528109561
2571 0.8037394205264141
2572 0.8034366867793975
2573 0.8031333767755665
2574 0.8028297975468653
2575 0.8025262555658894
2576 0.8022230851685649
2577 0.801920603571985
2578 0.8016190376847846
2579 0.8013187534584576
2580 0.8010200734084529
2581 0.8007233568494007
2582 0.8004289967105477
2583 0.8001374193213633
2584 0.7998490757087992
2585 0.7995646612501819
2586 0.7992840398696374
2587 0.799007634805076
2588 0.7987358461221375
2589 0.7984617593442312
2590 0.7981895425312159
2591 0.797922069810219
2592 0.7976599448261005
2593 0.7974065320708
2594 0.7971648226148924
2595 0.7969352891752537
2596 0.7967156339640084
2597 0.7965053688092472
2598 0.7963037085179919
2599 0.7961107871150999
2600 0.7959269042009021
2601 0.795746987772361
2602 0.7955768979682148
2603 0.7954219742317712
2604 0.7952790501583358
2605 0.795148375904462
2606 0.795030123167242
2607 0.7949231132259463
2608 0.794827080404903
2609 0.7947436104942078
2610 0.7946726652052166
2611 0.7946143732378733
2612 0.7945691939272399
2613 0.7945374582352646
2614 0.7945192038985934
2615 0.7945145057548588
2616 0.7945232767943201
2617 0.7945453789934684
2618 0.7945776989164526
2619 0.7946232689724695
2620 0.7946828569972891
2621 0.7947561211690022
2622 0.7948425206784888
2623 0.7949411047755273
2624 0.7950522534913278
2625 0.7951754898322813
2626 0.7953102982452966
2627 0.7954562586221297
2628 0.7956133198576645
2629 0.7957803149583664
2630 0.7959571014847683
2631 0.7961434112077019
2632 0.7963388730078242
2633 0.7965430185635779
2634 0.7967553770293035
2635 0.7969755309902155
2636 0.7972030767348754
2637 0.7974376588651575
2638 0.7976789883358227
2639 0.7979266848865229
2640 0.7981802262080043
2641 0.7984390956756741
2642 0.7987028038959968
2643 0.7989708319054255
2644 0.7992427040647825
2645 0.7995179727863921
2646 0.7997962873763044
2647 0.8000772716540551
2648 0.8003605150157171
2649 0.8006456090505644
2650 0.8009321880420255
2651 0.8012199172315395
2652 0.80150844485727
2653 0.8017974322246797
2654 0.802086547139935
2655 0.8023754640430507
2656 0.8026639705275205
2657 0.8029517434351939
2658 0.8032384717001071
2659 0.8035238618370567
2660 0.8038075108439434
2661 0.8040886486431859
2662 0.8043650987575071
2663 0.8046382620934496
2664 0.8049104794916783
2665 0.8051806891333669
2666 0.8054479137715737
2667 0.8057116265477041
2668 0.8059713778912069
2669 0.8062268080214021
2670 0.8064774338700275
2671 0.8067226901221208
2672 0.8069618277775175
2673 0.8071944633297584
2674 0.8074203231330415
2675 0.8076389806889992
2676 0.8078507566946892
2677 0.8080554582240679
2678 0.8082520643036808
2679 0.8084407251401949
2680 0.8086223175044972
2681 0.8087927463938643
2682 0.8089532420510422
2683 0.8091040171373995
2684 0.8092450571803496
2685 0.8093755671888437
2686 0.8094933412395349
2687 0.8095987359629386
2688 0.8096899916633031
2689 0.809769612367839
2690 0.809839281633888
2691 0.8098999108456189
2692 0.8099517186362931
2693 0.8099944493958618
2694 0.810027618466828
2695 0.8100506589851324
2696 0.8100623084971482
2697 0.810058899189775
2698 0.8100472758139932
2699 0.8100264149406303
2700 0.8099954158160271
2701 0.8099533724901429
2702 0.8099007572646011
2703 0.8098370714757032
2704 0.8097622757251985
2705 0.8096766798993242
2706 0.8095804217120398
2707 0.8094734905427589
2708 0.8093554648743733
2709 0.809227540977364
2710 0.8090925533539183
2711 0.8089500442870156
2712 0.8087989765104954
2713 0.8086391702445875
2714 0.8084710908585003
2715 0.8082954609077834
2716 0.8081128793122239
2717 0.8079238769598208
2718 0.8077287070821039
2719 0.8075281507732592
2720 0.8073223976227651
2721 0.8071117133962744
2722 0.8068971125540579
2723 0.8066808448654578
2724 0.8064584162856571
2725 0.8062308804317686
2726 0.805999204349333
2727 0.8057640582697513
2728 0.8055258687523739
2729 0.8052848627856753
2730 0.805041265931151
2731 0.8047954277472369
2732 0.8045475816832803
2733 0.804297953088718
2734 0.8040467954014725
2735 0.8037943633345203
2736 0.803540928278677
2737 0.8032867846003076
2738 0.8030322303265133
2739 0.8027775540404817
2740 0.8025230234035023
2741 0.8022688969630635
2742 0.802015449595275
2743 0.801762956512312
2744 0.8015115907229475
2745 0.8012616269343775
2746 0.801013436164095
2747 0.8007673491985774
2748 0.8005237887834686
2749 0.8002829462614038
2750 0.8000451016711305
2751 0.7998107044409652
2752 0.7995800483174967
2753 0.7993506417344666
2754 0.7991204973409994
2755 0.7988923658816504
2756 0.7986670828459944
2757 0.7984495667965638
2758 0.7982410872127635
2759 0.7980406283828126
2760 0.7978477647856341
2761 0.7976625128273532
2762 0.7974848525707403
2763 0.7973149752187834
2764 0.7971524460475427
2765 0.796991181190061
2766 0.7968394962287408
2767 0.7966998501655083
2768 0.7965700878899006
2769 0.7964500073724385
2770 0.7963391672043858
2771 0.796237746292406
2772 0.7961459887832055
2773 0.7960642757025375
2774 0.7959931379511164
2775 0.7959333887746687
2776 0.7958846363883429
2777 0.7958471116008473
2778 0.7958208507652951
2779 0.7958054915298587
2780 0.7958008802713054
2781 0.7958072771445959
2782 0.7958249533790041
2783 0.795854000441357
2784 0.7958944070151609
2785 0.7959460390026596
2786 0.7960087156052251
2787 0.7960822105159374
2788 0.7961662478816118
2789 0.7962590138515652
2790 0.7963613781493046
2791 0.7964737660536776
2792 0.7965962623850735
2793 0.796728410724807
2794 0.7968698932382885
2795 0.7970194877759703
2796 0.7971770529703393
2797 0.7973422706293135
2798 0.7975148097107122
2799 0.7976943034690143
2800 0.7978804171302909
2801 0.7980727811058715
2802 0.7982711079110024
2803 0.7984750928763169
2804 0.7986842891562169
2805 0.7988982310396519
2806 0.7991165236349116
2807 0.7993387493055498
2808 0.7995645388083193
2809 0.7997935302761862
2810 0.800025414240256
2811 0.8002598992375322
2812 0.8004966789450685
2813 0.8007354214324287
2814 0.8009757868848827
2815 0.8012174824886231
2816 0.8014602148886837
2817 0.8017037089478919
2818 0.8019477029151646
2819 0.8021919367431538
2820 0.8024361491505599
2821 0.8026792764701413
2822 0.8029196897142348
2823 0.8031596180463827
2824 0.8033993391095337
2825 0.8036383830468101
2826 0.8038766606448339
2827 0.8041131791159334
2828 0.80434745742949
2829 0.8045792396687794
2830 0.8048082916332758
2831 0.8050343392866232
2832 0.8052571184848654
2833 0.8054762370361515
2834 0.8056912457900782
2835 0.8059016668079619
2836 0.806107229423228
2837 0.8063075350928037
2838 0.8065026421294654
2839 0.8066922353593924
2840 0.8068766294796201
2841 0.807054688170181
2842 0.8072258913154154
2843 0.8073901447690286
2844 0.8075471708101725
2845 0.8076975233881007
2846 0.8078417739431448
2847 0.8079765518182505
2848 0.8081027055795618
2849 0.8082203878792487
2850 0.8083295941793047
2851 0.8084298991238211
2852 0.8085196013791625
2853 0.8085990288086216
2854 0.8086662142542766
2855 0.8087230304190947
2856 0.8087712001256152
2857 0.8088116353977904
2858 0.8088446295210225
2859 0.8088699637587304
2860 0.8088872941136085
2861 0.8088960942834034
2862 0.8088959102744993
2863 0.8088861808372705
2864 0.8088645899269632
2865 0.8088349212202733
2866 0.8087980807884183
2867 0.8087530548803725
2868 0.8086993223798398
2869 0.8086364850610687
2870 0.8085645777271929
2871 0.8084838381924643
2872 0.8083945602066577
2873 0.8082971008291994
2874 0.8081916810208851
2875 0.8080784388076581
2876 0.8079575976954054
2877 0.8078293902474076
2878 0.8076931412313945
2879 0.807549655466188
2880 0.8074015191489438
2881 0.8072485439280012
2882 0.807089977630964
2883 0.8069256116808901
2884 0.806755771097916
2885 0.8065808650872396
2886 0.8064012985585738
2887 0.8062178199307082
2888 0.8060310228345924
2889 0.8058410493663198
2890 0.8056480441384319
2891 0.8054521418273928
2892 0.8052535106315056
2893 0.8050523890938333
2894 0.8048489608542557
2895 0.8046441249333343
2896 0.8044385212545611
2897 0.8042301725905796
2898 0.8040198231171546
2899 0.8038080847656931
2900 0.8035953643992306
2901 0.803381922375133
2902 0.8031679776320905
2903 0.8029537702394584
2904 0.802739561071414
2905 0.8025255909772713
2906 0.8023121051520462
2907 0.8020993273433499
2908 0.8018874746301869
2909 0.8016767692123484
2910 0.801467429656843
2911 0.8012597226272253
2912 0.8010537026585656
2913 0.8008497399825287
2914 0.8006481648491534
2915 0.8004492326489477
2916 0.8002527283527494
2917 0.800059786413585
2918 0.7998660105985825
2919 0.7996735625160833
2920 0.7994824034326817
2921 0.7992952702201753
2922 0.7991143278996234
2923 0.7989405093831936
2924 0.7987737570377568
2925 0.7986135785066466
2926 0.7984594447057777
2927 0.7983110078337506
2928 0.7981646147819951
2929 0.7980228807850059
2930 0.7978920084212939
2931 0.7977693641451745
2932 0.797654226069988
2933 0.7975465673417446
2934 0.7974463492321499
2935 0.7973537412002381
2936 0.7972691113456012
2937 0.7971928446674849
2938 0.7971250865150525
2939 0.7970661242572585
2940 0.7970161514769585
2941 0.796975669665991
2942 0.7969444684705908
2943 0.796922458022724
2944 0.7969097846581689
2945 0.796906782071233
2946 0.7969131552738282
2947 0.7969288610462204
2948 0.7969539500172359
2949 0.7969884343946376
2950 0.7970322317411379
2951 0.7970851445895942
2952 0.7971470536467855
2953 0.7972177968021568
2954 0.79729703897635
2955 0.7973846724095948
2956 0.797480550403751
2957 0.7975843791686479
2958 0.7976957891417387
2959 0.7978143371859804
2960 0.7979397985187134
2961 0.7980721484383467
2962 0.7982105896068512
2963 0.7983550405029285
2964 0.798505291159759
2965 0.7986611154414305
2966 0.798822096365195
2967 0.7989878451362679
2968 0.7991585205799979
2969 0.799333746494278
2970 0.7995130870409611
2971 0.7996961338164994
2972 0.7998825089833905
2973 0.8000718947338296
2974 0.8002640232685871
2975 0.8004580337819495
2976 0.8006541414866142
2977 0.8008523323662107
2978 0.8010523770320778
2979 0.8012539745645363
2980 0.8014565573915825
2981 0.801660157106605
2982 0.8018645015973102
2983 0.802069344065052
2984 0.8022744623269924
2985 0.802479654501434
2986 0.8026847043740342
2987 0.8028894033894959
2988 0.8030938491347076
2989 0.8032973797114022
2990 0.8034996903876722
2991 0.803700567816616
2992 0.8038998025021902
2993 0.804097155000109
2994 0.8042924003622708
2995 0.8044852111543885
2996 0.8046752626239247
2997 0.8048620764877948
2998 0.8050455460298745
2999 0.805225487229065
3000 0.8054016676824142
3001 0.8055738041029423
3002 0.8057416042805569
3003 0.8059050801956341
3004 0.8060641454185193
3005 0.8062180057120083
3006 0.8063663603090124
3007 0.8065090245860539
3008 0.8066458364773261
3009 0.8067766206276095
3010 0.8069011865736125
3011 0.8070193887341449
3012 0.807133072105966
3013 0.8072388500077535
3014 0.8073369475231745
3015 0.8074276901064943
3016 0.8075111471059975
3017 0.8075874535411479
3018 0.8076554154555692
3019 0.8077143178805026
3020 0.8077641087266357
3021 0.8078038958434826
3022 0.8078357630068672
3023 0.8078608482211194
3024 0.8078796347236952
3025 0.8078921455652196
3026 0.8078980576708659
3027 0.8078971300790734
3028 0.8078887206459127
3029 0.8078730342550231
3030 0.8078495603557753
3031 0.8078183647116636
3032 0.8077774869387018
3033 0.8077305488468421
3034 0.8076772365279503
3035 0.8076171364865666
3036 0.8075498941856202
3037 0.8074754928737168
3038 0.8073940617114763
3039 0.8073058333175718
3040 0.8072110782103675
3041 0.8071100701425333
3042 0.8070031163841569
3043 0.8068904564756481
3044 0.8067725370128771
3045 0.8066492738626128
3046 0.8065204714296541
3047 0.8063866264968709
3048 0.8062481768528604
3049 0.8061054620556131
3050 0.8059587678175338
3051 0.8058079583186384
3052 0.8056530459138525
3053 0.8054949402750089
3054 0.8053342671802866
3055 0.8051708478204417
3056 0.8050045015942343
3057 0.804835775152986
3058 0.8046649635827492
3059 0.8044923611335142
3060 0.804318224891265
3061 0.8041427104905302
3062 0.8039659757720151
3063 0.8037881798444607
3064 0.8036094788079112
3065 0.8034300747803151
3066 0.8032501665453234
3067 0.8030699312349605
3068 0.8028895448591979
3069 0.802709197353687
3070 0.802529124504527
3071 0.80234955634187
3072 0.8021706941639407
3073 0.8019924014286269
3074 0.8018146112914551
3075 0.8016383607576006
3076 0.8014641422153165
3077 0.8012918808989934
3078 0.8011221135164965
3079 0.800954991034334
3080 0.8007889645832751
3081 0.8006244949610059
3082 0.8004585959033604
3083 0.8002925781074381
3084 0.8001288397414059
3085 0.799969746261649
3086 0.7998164065457126
3087 0.7996685645843113
3088 0.7995258867326465
3089 0.7993880630597128
3090 0.799252618064847
3091 0.7991196599909531
3092 0.7989955278106192
3093 0.7988786822542062
3094 0.79876809458041
3095 0.7986627652299486
3096 0.7985627073646524
3097 0.798468541306782
3098 0.7983805910276048
3099 0.7982990515995168
3100 0.7982240633476589
3101 0.7981556951850007
3102 0.7980940478439649
3103 0.798039280592197
3104 0.7979915941096913
3105 0.7979511936739855
3106 0.797918169150279
3107 0.7978928307652962
3108 0.7978753536390323
3109 0.7978656775111418
3110 0.7978638177265177
3111 0.7978698323108362
3112 0.7978838149872807
3113 0.7979057790756827
3114 0.7979353759640497
3115 0.7979725027949971
3116 0.7980170808445411
3117 0.7980690207118205
3118 0.7981282190042843
3119 0.7981945004894442
3120 0.7982676787949843
3121 0.7983475546601768
3122 0.7984338925462369
3123 0.7985264615650431
3124 0.7986250240994719
3125 0.7987293301631523
3126 0.7988391475671166
3127 0.7989542306819787
3128 0.7990747411460941
3129 0.7991996734859357
3130 0.7993291820096217
3131 0.799463212835813
3132 0.7996015124952535
3133 0.7997437720255193
3134 0.7998896397498084
3135 0.8000389230166949
3136 0.8001913254696541
3137 0.8003466037748609
3138 0.8005045043588197
3139 0.8006647840211347
3140 0.8008272289348133
3141 0.8009916370706529
3142 0.8011578165237936
3143 0.8013255520636769
3144 0.8014946390008136
3145 0.8016648399411992
3146 0.8018359428097196
3147 0.8020077578135968
3148 0.8021800785047225
3149 0.8023528449955655
3150 0.8025257252229473
3151 0.8026983989208795
3152 0.8028706495030721
3153 0.8030422946704345
3154 0.8032130541008792
3155 0.8033828429135367
3156 0.8035513887787961
3157 0.8037184125934654
3158 0.8038836753717606
3159 0.8040468989006988
3160 0.8042077779807597
3161 0.8043661412676713
3162 0.8045217450046708
3163 0.8046745457489084
3164 0.8048244061403191
3165 0.8049712844556189
3166 0.8051148468907746
3167 0.805254762610096
3168 0.8053907765930155
3169 0.8055225320215427
3170 0.805649857649019
3171 0.8057725967298454
3172 0.8058905753919957
3173 0.8060036358890333
3174 0.8061116494183919
3175 0.806214494786723
3176 0.8063120381703299
3177 0.8064041341483081
3178 0.8064906938004147
3179 0.8065733567522529
3180 0.8066489302276738
3181 0.8067180417993738
3182 0.8067809333418839
3183 0.8068380525043694
3184 0.806889023818505
3185 0.8069324145320609
3186 0.8069681983759205
3187 0.8069968119635658
3188 0.8070171090240137
3189 0.8070308481821719
3190 0.807038946341867
3191 0.8070417092423273
3192 0.8070389563010755
3193 0.8070311846774231
3194 0.8070178667402312
3195 0.8069986409316781
3196 0.8069732930776536
3197 0.8069413235922842
3198 0.8069029320156377
3199 0.8068583133761763
3200 0.8068076173111642
3201 0.8067493512837315
3202 0.8066863658192106
3203 0.8066183807072931
3204 0.8065450945501894
3205 0.8064664250608741
3206 0.8063824603180663
3207 0.8062934285034901
3208 0.8061995944437639
3209 0.8061011801637181
3210 0.8059983373000231
3211 0.805891260753247
3212 0.8057801852387355
3213 0.805665333039832
3214 0.8055469834676159
3215 0.8054253967542844
3216 0.8053005734222455
3217 0.8051724728540839
3218 0.8050412045326956
3219 0.8049066925609968
3220 0.8047694666739937
3221 0.8046298961005924
3222 0.804488244798448
3223 0.8043446732193461
3224 0.8041993433371717
3225 0.8040523754554625
3226 0.8039039220352837
3227 0.8037541640666674
3228 0.8036033010828129
3229 0.8034515716785904
3230 0.8032993826965282
3231 0.8031469235653891
3232 0.8029943887394992
3233 0.8028419502834191
3234 0.8026897535129094
3235 0.8025379376790946
3236 0.8023866231345368
3237 0.8022359048975282
3238 0.8020859852405072
3239 0.8019368212109061
3240 0.8017886659592388
3241 0.8016417739502806
3242 0.8014963432886087
3243 0.8013525224125727
3244 0.8012122077032124
3245 0.801072248150002
3246 0.8009298562554631
3247 0.8007875911727041
3248 0.8006481033622658
3249 0.8005128263495224
3250 0.8003821127395926
3251 0.8002555543482155
3252 0.8001289521170777
3253 0.8000108032718172
3254 0.7998992617779642
3255 0.7997923739318634
3256 0.7996893259081458
3257 0.799589981289934
3258 0.7994946800783616
3259 0.7994038577291332
3260 0.7993178314133397
3261 0.799236752318767
3262 0.7991607249487145
3263 0.7990897392779787
3264 0.7990239934797796
3265 0.7989634835046777
3266 0.7989083480778403
3267 0.7988588178723984
3268 0.7988151194018003
3269 0.7987774427642065
3270 0.7987459522811886
3271 0.7987207671302951
3272 0.7987019300542642
3273 0.7986894736705099
3274 0.798683408797509
3275 0.7986836569550538
3276 0.7986903519214473
3277 0.79870329639666
3278 0.7987225357721158
3279 0.7987480329157525
3280 0.7987797408279024
3281 0.7988177396033618
3282 0.7988618078130999
3283 0.7989116225452115
3284 0.7989670441054568
3285 0.7990279496131023
3286 0.7990942352388942
3287 0.7991657517455713
3288 0.7992423360837103
3289 0.799323827793105
3290 0.7994100750766762
3291 0.799500964058045
3292 0.799596350622249
3293 0.799696064497551
3294 0.7997999312800574
3295 0.7999081124529196
3296 0.8000196866594448
3297 0.8001347169367053
3298 0.8002530688146655
3299 0.8003745263671144
3300 0.8004988808262898
3301 0.8006259331232292
3302 0.8007554621048385
3303 0.8008872627161719
3304 0.8010211076711139
3305 0.8011568381077211
3306 0.8012942706573194
3307 0.8014331865425361
3308 0.8015734018391254
3309 0.8017147673035157
3310 0.8018571909220759
3311 0.802000347603097
3312 0.8021440294352959
3313 0.8022880565966611
3314 0.8024322687704646
3315 0.8025764723737144
3316 0.8027204219168002
3317 0.8028639445191184
3318 0.8030068848141502
3319 0.8031490542463257
3320 0.8032902503387231
3321 0.8034302189627248
3322 0.8035688131572588
3323 0.8037058803723914
3324 0.8038412592637326
3325 0.8039747732082755
3326 0.8041063508682119
3327 0.8042357944552598
3328 0.804362770517361
3329 0.8044870540238374
3330 0.8046084887576093
3331 0.8047270317753683
3332 0.8048423366243245
3333 0.8049542475592141
3334 0.8050626224551588
3335 0.805167332741448
3336 0.8052682513676296
3337 0.8053652356669324
3338 0.8054581657297223
3339 0.8055469056656129
3340 0.8056313209526846
3341 0.8057113018590261
3342 0.8057867496884934
3343 0.8058575562254019
3344 0.8059236822958715
3345 0.8059850205617769
3346 0.8060422794393145
3347 0.8060946177889036
3348 0.8061414463403032
3349 0.8061830950103106
3350 0.8062194659330043
3351 0.8062505552147821
3352 0.806275732011147
3353 0.8062946623103486
3354 0.8063076393706117
3355 0.8063143904016441
3356 0.8063151773905336
3357 0.8063110061507224
3358 0.8063023512707267
3359 0.8062893972167925
3360 0.8062721150321389
3361 0.8062503591378199
3362 0.8062239387790202
3363 0.8061926826258338
3364 0.80615648429326
3365 0.8061150580453679
3366 0.8060685346778202
3367 0.806017113407277
3368 0.8059609193333103
3369 0.8059001154440631
3370 0.805834707630141
3371 0.8057646882056245
3372 0.8056892344043102
3373 0.8056105005578791
3374 0.8055283245306096
3375 0.8054426573589751
3376 0.8053535082413201
3377 0.8052609769560063
3378 0.8051652381362646
3379 0.8050664874575491
3380 0.8049648949959651
3381 0.8048606181539159
3382 0.8047538040916959
3383 0.8046445779385706
3384 0.8045330331914583
3385 0.8044193244853166
3386 0.8043035678713254
3387 0.8041859438920755
3388 0.8040666389981357
3389 0.8039458562050746
3390 0.8038237736452989
3391 0.8037004400069468
3392 0.8035759584496803
3393 0.8034504875625796
3394 0.8033242176546733
3395 0.8031973456575359
3396 0.8030700473314174
3397 0.8029425077106763
3398 0.8028149085358203
3399 0.8026873854483878
3400 0.8025601173488283
3401 0.8024332729498875
3402 0.802307868345677
3403 0.802183140424552
3404 0.8020588739436004
3405 0.8019354530790527
3406 0.8018131766544973
3407 0.8016922572852269
3408 0.8015723123162253
3409 0.8014500031000478
3410 0.8013287409520596
3411 0.8012082173168729
3412 0.8010902750244249
3413 0.8009777888254663
3414 0.8008698451120501
3415 0.8007655545192182
3416 0.800664450295155
3417 0.8005663849464081
3418 0.8004712690749708
3419 0.8003792300968785
3420 0.8002904688177005
3421 0.8002051621066556
3422 0.8001234176653449
3423 0.8000452930513967
3424 0.7999710461049893
3425 0.7999007154470329
3426 0.7998343098680351
3427 0.7997719734527773
3428 0.7997139035469657
3429 0.7996603036675949
3430 0.7996113564755221
3431 0.7995672156224483
3432 0.7995281592206137
3433 0.7994940945299468
3434 0.7994650958553188
3435 0.7994412197917499
3436 0.7994224864461886
3437 0.7994089407951057
3438 0.7994005835605922
3439 0.7993974191508449
3440 0.7993994487495691
3441 0.7994066211591646
3442 0.7994188339886587
3443 0.7994361069791911
3444 0.7994583942343511
3445 0.7994855933435031
3446 0.7995175711668168
3447 0.7995542770345918
3448 0.7995956713821086
3449 0.7996417104436664
3450 0.7996923085334892
3451 0.7997473565951025
3452 0.7998067665562211
3453 0.799870282048083
3454 0.7999377688647193
3455 0.8000091234881923
3456 0.8000842427011058
3457 0.8001630125526573
3458 0.8002452993456001
3459 0.8003309560172694
3460 0.8004198288434045
3461 0.8005117725931294
3462 0.8006069825931575
3463 0.8007045418166404
3464 0.8008045342775763
3465 0.800906910804666
3466 0.80101153573746
3467 0.8011182985178441
3468 0.8012269909705333
3469 0.8013374008642544
3470 0.8014493553807485
3471 0.801562700729738
3472 0.8016772979880261
3473 0.801792987955396
3474 0.8019095938607809
3475 0.8020269440469255
3476 0.8021448719144149
3477 0.8022632162893374
3478 0.802381808195644
3479 0.8025005091168168
3480 0.8026191164514741
3481 0.8027375084833003
3482 0.8028555381457909
3483 0.8029730580888397
3484 0.8030899250648288
3485 0.8032060225254219
3486 0.8033213197859478
3487 0.8034355082177193
3488 0.8035483738890834
3489 0.8036597500817997
3490 0.8037694854464571
3491 0.8038774275828372
3492 0.8039834313464713
3493 0.8040874042655254
3494 0.8041892644431691
3495 0.8042887518679849
3496 0.8043857320080031
3497 0.8044800761147978
3498 0.8045716595126233
3499 0.8046603635910756
3500 0.8047460740042616
3501 0.8048286782628611
3502 0.8049080651295383
3503 0.8049841252174731
3504 0.8050567527832559
3505 0.8051258485196249
3506 0.8051913181990002
3507 0.8052530600251293
3508 0.8053109849821252
3509 0.8053650471970278
3510 0.8054152102678164
3511 0.8054614129805463
3512 0.8055035602840627
3513 0.8055415868301764
3514 0.8055760299985755
3515 0.8056068021445576
3516 0.8056325751867462
3517 0.8056534301550845
3518 0.8056702179999234
3519 0.8056827604522613
3520 0.8056905477625013
3521 0.8056932473696271
3522 0.805691109249393
3523 0.8056844413094258
3524 0.805672983977517
3525 0.8056569378022688
3526 0.8056370489692691
3527 0.8056136290907379
3528 0.8055867521744158
3529 0.8055563383752797
3530 0.8055222654757226
3531 0.8054844311572924
3532 0.8054427621114051
3533 0.805397220055057
3534 0.805347769430227
3535 0.8052943086528274
3536 0.8052370338116003
3537 0.805176195612381
3538 0.8051119060022576
3539 0.8050442685859296
3540 0.804973391899796
3541 0.8048994030737021
3542 0.8048226106039077
3543 0.8047434329120016
3544 0.8046612996669924
3545 0.8045765673428831
3546 0.8044895095475821
3547 0.8044003219420991
3548 0.8043091544233021
3549 0.8042160615602719
3550 0.8041211321370287
3551 0.8040248077576592
3552 0.8039271936715685
3553 0.8038283225047931
3554 0.803728279800609
3555 0.8036271738015801
3556 0.8035251414341764
3557 0.8034223225601799
3558 0.8033188412979027
3559 0.8032148390736336
3560 0.8031104067040277
3561 0.8030052912095765
3562 0.802899850677441
3563 0.8027946919108674
3564 0.802689894658507
3565 0.8025854836059023
3566 0.8024815254114938
3567 0.8023781216797391
3568 0.8022753921446325
3569 0.8021734699671772
3570 0.8020712279870061
3571 0.8019678441337856
3572 0.8018652583152487
3573 0.8017643733628932
3574 0.8016656045812669
3575 0.8015690851210552
3576 0.801474817300228
3577 0.8013827709130458
3578 0.8012928938780215
3579 0.8012052171878092
3580 0.8011198122991688
3581 0.8010367525556423
3582 0.80095609676018
3583 0.8008779004858614
3584 0.8008022179147772
3585 0.8007292240738042
3586 0.8006589730856822
3587 0.8005916037153387
3588 0.8005272818091619
3589 0.8004662691369319
3590 0.8004088263128066
3591 0.8003549061383007
3592 0.8003046191621531
3593 0.800258119541347
3594 0.8002155528862955
3595 0.8001770250725975
3596 0.8001426277227959
3597 0.8001124216855836
3598 0.8000864401963158
3599 0.8000646922174932
3600 0.8000472793914631
3601 0.8000341460514344
3602 0.8000252157286195
3603 0.8000204563385324
3604 0.8000198544491088
3605 0.8000233933854346
3606 0.8000310535487453
3607 0.8000427499923064
3608 0.8000584659971887
3609 0.8000781266594275
3610 0.8001016644211287
3611 0.8001290244525666
3612 0.8001601735322015
3613 0.8001950773688501
3614 0.8002336747881452
3615 0.8002758727994415
3616 0.8003215580695918
3617 0.8003706134817561
3618 0.8004229237914374
3619 0.8004783834864215
3620 0.8005368982188319
3621 0.8005983800419106
3622 0.8006627225344998
3623 0.8007298046661069
3624 0.8007995272625049
3625 0.8008717743940601
3626 0.8009464250074381
3627 0.8010233479883295
3628 0.8011023845929596
3629 0.8011834234601815
3630 0.8012663209332588
3631 0.8013513008357367
3632 0.8014375525432061
3633 0.8015252214590162
3634 0.8016143052228164
3635 0.8017047045707573
3636 0.801796308997079
3637 0.8018889976665239
3638 0.8019826551297119
3639 0.802077144405251
3640 0.8021723061381089
3641 0.8022679979608689
3642 0.8023640847512642
3643 0.8024604334258354
3644 0.8025569132426652
3645 0.8026533934821831
3646 0.8027497441040746
3647 0.8028458348462074
3648 0.8029415344587834
3649 0.8030367094622569
3650 0.8031312281861981
3651 0.8032249618782801
3652 0.8033177798012887
3653 0.8034095701941659
3654 0.803500188393616
3655 0.8035895113572991
3656 0.803677482871467
3657 0.8037638683542579
3658 0.8038485510266805
3659 0.8039314247968837
3660 0.8040123807959604
3661 0.804091309198107
3662 0.8041681014794881
3663 0.8042426503222304
3664 0.8043148515925398
3665 0.8043846043023744
3666 0.8044518130127862
3667 0.8045163859420804
3668 0.8045782320910041
3669 0.8046372666338819
3670 0.8046934142165511
3671 0.804746601566627
3672 0.8047967561693726
3673 0.804843808866809
3674 0.8048876971259464
3675 0.8049283559173954
3676 0.8049657358990778
3677 0.804999848142571
3678 0.805030301638396
3679 0.8050578359977038
3680 0.8050821269717768
3681 0.8051029006466216
3682 0.8051200915181691
3683 0.80513371294576
3684 0.8051444882838986
3685 0.8051513475391883
3686 0.8051544155703094
3687 0.8051538971965887
3688 0.8051498828490045
3689 0.8051424160724451
3690 0.805130953536327
3691 0.8051156144799866
3692 0.8050966301509045
3693 0.8050742331708075
3694 0.8050486239047258
3695 0.8050193324214533
3696 0.8049868892138262
3697 0.8049516140646484
3698 0.8049136245868163
3699 0.8048729143083296
3700 0.8048294219139616
3701 0.8047830974348005
3702 0.8047339258089934
3703 0.8046819252286695
3704 0.8046271462396347
3705 0.8045696599928243
3706 0.8045095471887546
3707 0.8044469259194816
3708 0.8043818340729847
3709 0.8043144377739646
3710 0.8042449101717465
3711 0.8041734227074084
3712 0.8041005995908138
3713 0.8040258471717334
3714 0.8039493993777079
3715 0.8038714717341936
3716 0.8037922267702684
3717 0.8037117857039521
3718 0.803630272341906
3719 0.8035477984515836
3720 0.803464496776193
3721 0.8033804867712619
3722 0.8032959067252466
3723 0.8032108962889832
3724 0.8031255822585432
3725 0.8030400770581642
3726 0.8029544885319361
3727 0.8028689204365885
3728 0.802783267146068
3729 0.8026972776588028
3730 0.802611603664796
3731 0.8025253825284396
3732 0.8024393753486011
3733 0.8023541027041884
3734 0.8022698985413264
3735 0.8021869651275153
3736 0.8021053960556261
3737 0.802025209466101
3738 0.8019463991710378
3739 0.8018689639649297
3740 0.8017929237862078
3741 0.8017183571720121
3742 0.8016453116990884
3743 0.8015738397145594
3744 0.8015040854560522
3745 0.8014361083172166
3746 0.801370003792688
3747 0.801305877529091
3748 0.8012438615755163
3749 0.8011840853485794
3750 0.8011266658539467
3751 0.8010717176131638
3752 0.8010193448249021
3753 0.8009696406796161
3754 0.8009226927388517
3755 0.8008787397325819
3756 0.8008377286155364
3757 0.8007996230016478
3758 0.8007644771979062
3759 0.8007323592619897
3760 0.8007033183595001
3761 0.8006774002626397
3762 0.8006546341579416
3763 0.8006350413300136
3764 0.800618641848988
3765 0.8006054438885604
3766 0.8005954550567901
3767 0.8005886870857916
3768 0.8005851412623267
3769 0.8005848119135951
3770 0.8005877193256912
3771 0.8005937407649001
3772 0.8006028672267647
3773 0.8006150471694227
3774 0.8006303290158967
3775 0.8006487138107103
3776 0.800670150642082
3777 0.8006945872662256
3778 0.8007219636329324
3779 0.800752206602375
3780 0.8007852370977516
3781 0.8008209759230918
3782 0.8008593408755126
3783 0.8009002563389286
3784 0.800943666895546
3785 0.8009895258869993
3786 0.8010377657786281
3787 0.8010883035987093
3788 0.8011410504607673
3789 0.8011959199752232
3790 0.8012528271080648
3791 0.801311688212512
3792 0.8013724109233586
3793 0.8014348811641355
3794 0.8014990002880774
3795 0.8015646789189989
3796 0.8016318347692604
3797 0.8017003828750013
3798 0.8017702289025834
3799 0.8018412737987161
3800 0.8019134266500384
3801 0.8019865958269708
3802 0.8020610187702779
3803 0.8021358978376967
3804 0.8022113899427407
3805 0.802287487942602
3806 0.802364103322588
3807 0.8024411170854376
3808 0.80251840461343
3809 0.8025958445657182
3810 0.8026733203714901
3811 0.8027507187814197
3812 0.8028279286692538
3813 0.8029048402471693
3814 0.8029813449264032
3815 0.8030573362421759
3816 0.8031327166788137
3817 0.8032074450947194
3818 0.8032813290524221
3819 0.8033542661325055
3820 0.8034261639405309
3821 0.8034969376757354
3822 0.8035664732239618
3823 0.8036346626696173
3824 0.8037014232331289
3825 0.8037666708965238
3826 0.8038303158805575
3827 0.8038922626379663
3828 0.8039524227415611
3829 0.8040107104408719
3830 0.8040670445555242
3831 0.8041213470315514
3832 0.8041735423341088
3833 0.8042235569694695
3834 0.8042713215489404
3835 0.80431677164728
3836 0.8043598468711028
3837 0.8044001552115617
3838 0.8044383219766865
3839 0.8044740315432489
3840 0.8045071349263331
3841 0.8045375671938366
3842 0.8045652996972902
3843 0.8045903124037499
3844 0.8046126117215219
3845 0.8046323034694516
3846 0.8046492521412667
3847 0.8046633476354954
3848 0.8046745686673806
3849 0.8046828897152667
3850 0.8046883714209936
3851 0.8046910330695614
3852 0.8046908820085128
3853 0.8046879219651872
3854 0.8046821529287982
3855 0.804673581155892
3856 0.8046622847664899
3857 0.8046485391218702
3858 0.8046317499160431
3859 0.8046121337453686
3860 0.804589802265444
3861 0.8045648323161292
3862 0.8045371676528228
3863 0.8045066845038191
3864 0.8044735077279387
3865 0.8044377893912077
3866 0.8043996825190949
3867 0.8043593230459716
3868 0.804316819782207
3869 0.8042722402119068
3870 0.8042256296157743
3871 0.8041770234578752
3872 0.8041264642618752
3873 0.8040740065406339
3874 0.8040197159692324
3875 0.8039636682420568
3876 0.8039059929221845
3877 0.8038468709833033
3878 0.803786164147804
3879 0.8037240189476065
3880 0.8036605846763312
3881 0.8035959830544219
3882 0.8035303391465751
3883 0.8034637528965924
3884 0.8033963220396501
3885 0.8033281519483765
3886 0.80325934771958
3887 0.8031897323433259
3888 0.8031192507157275
3889 0.8030483082603475
3890 0.8029771769694076
3891 0.8029060708857513
3892 0.8028351326347782
3893 0.802764454297935
3894 0.8026941041758221
3895 0.8026241540920542
3896 0.8025546793706642
3897 0.802485758345303
3898 0.8024174615593871
3899 0.8023499026970382
3900 0.8022831405294218
3901 0.8022172461219879
3902 0.8021523022367308
3903 0.8020884038252071
3904 0.8020256738028618
3905 0.801964186536852
3906 0.8019040163746325
3907 0.801845233043388
3908 0.8017879232145323
3909 0.8017321723974767
3910 0.8016780624813324
3911 0.8016256688623425
3912 0.8015750607133043
3913 0.8015263031024737
3914 0.8014794536448033
3915 0.80143457474442
3916 0.8013917278962902
3917 0.8013509619913564
3918 0.8013123214111957
3919 0.8012759110378224
3920 0.801241826071596
3921 0.8012099678940701
3922 0.8011803483813794
3923 0.8011530212287596
3924 0.8011280451017517
3925 0.8011054678889427
3926 0.8010853222290302
3927 0.8010676295854467
3928 0.8010524097417218
3929 0.8010396731605457
3930 0.8010294253669107
3931 0.8010216763190241
3932 0.8010164354929838
3933 0.8010137043581593
3934 0.8010134815817613
3935 0.8010157719219625
3936 0.8010205731734611
3937 0.8010278737530931
3938 0.8010376498600112
3939 0.8010498471505454
3940 0.8010644911364424
3941 0.8010815570201013
3942 0.8011009805495189
3943 0.8011227405911027
3944 0.8011467980258404
3945 0.8011731084558386
3946 0.8012016238964194
3947 0.8012322857529167
3948 0.8012650284867708
3949 0.8012997984136255
3950 0.8013365419364311
3951 0.8013752086782873
3952 0.8014157443779533
3953 0.8014580910388491
3954 0.8015021866897101
3955 0.8015479666659237
3956 0.8015953627385582
3957 0.8016442959875326
3958 0.8016946802303675
3959 0.8017464388967508
3960 0.8017994974548057
3961 0.8018537832917634
3962 0.8019092193002758
3963 0.8019657315173422
3964 0.8020232372457824
3965 0.8020816476798558
3966 0.8021408736526895
3967 0.8022008272565586
3968 0.8022614259996486
3969 0.8023225766206894
3970 0.8023841845472642
3971 0.8024461610082665
3972 0.8025084187040684
3973 0.8025708694922096
3974 0.8026334241154677
3975 0.8026959927258784
3976 0.8027585369437077
3977 0.8028209051232119
3978 0.8028833454257167
3979 0.802945083499938
3980 0.8030063015388754
3981 0.8030670208076486
3982 0.8031271824582544
3983 0.8031866970644745
3984 0.8032454691950647
3985 0.8033034068187459
3986 0.803360422392014
3987 0.8034164344587275
3988 0.8034713668882872
3989 0.8035251486492223
3990 0.8035776985808237
3991 0.8036286099211259
3992 0.8036784977634058
3993 0.8037270276685032
3994 0.8037740269955906
3995 0.8038194083487197
3996 0.803863115112175
3997 0.803905098342208
3998 0.803945308141662
3999 0.8039836933631527
4000 0.8040202008577388
4001 0.8040547786008303
4002 0.8040873764212469
4003 0.8041179504174246
4004 0.804146462857416
4005 0.8041728772599288
4006 0.8041971593589485
4007 0.8042192809598032
4008 0.8042392186036054
4009 0.8042569511386947
4010 0.8042724595570631
4011 0.8042858708716475
4012 0.8042970548274203
4013 0.8043059005014987
4014 0.8043124210788197
4015 0.8043166253036046
4016 0.8043185295990123
4017 0.8043181482930984
4018 0.8043154848317735
4019 0.8043105553754133
4020 0.8043033685445986
4021 0.8042939347592361
4022 0.8042822656883548
4023 0.8042683765627761
4024 0.8042522896537277
4025 0.8042340374897118
4026 0.8042136641773536
4027 0.8041912031619235
4028 0.8041666875198715
4029 0.8041401497091213
4030 0.8041116245775328
4031 0.8040811529911335
4032 0.804048780305148
4033 0.8040145582020285
4034 0.8039785405276908
4035 0.8039407854264238
4036 0.8039013505122271
4037 0.8038602943483849
4038 0.8038176789290991
4039 0.8037735839573908
4040 0.8037280723771495
4041 0.8036812092377714
4042 0.8036330600429527
4043 0.8035837001059725
4044 0.8035332134005746
4045 0.8034816887867262
4046 0.8034292152534328
4047 0.8033758794930619
4048 0.8033217697786641
4049 0.8032669745815773
4050 0.8032115760234315
4051 0.8031556485146694
4052 0.8030992675723966
4053 0.8030425131172458
4054 0.8029854658422599
4055 0.802928206497736
4056 0.8028708249625187
4057 0.8028134138686762
4058 0.8027560612135475
4059 0.8026988556300118
4060 0.8026418894547633
4061 0.8025852409387184
4062 0.8025289998693863
4063 0.8024732515363615
4064 0.8024180785702169
4065 0.8023635654468411
4066 0.8023098095701597
4067 0.8022568762008023
4068 0.8022048306690635
4069 0.8021537404461977
4070 0.8021036767580827
4071 0.8020547117805795
4072 0.8020069156326084
4073 0.8019603555613777
4074 0.8019150946286763
4075 0.8018711929070251
4076 0.8018287099590899
4077 0.8017877063313429
4078 0.8017482391218788
4079 0.8017103590486739
4080 0.8016741140852989
4081 0.8016395486073936
4082 0.8016067043929241
4083 0.8015756911597054
4084 0.8015465447795572
4085 0.8015191995420472
4086 0.8014936668910166
4087 0.8014699823602915
4088 0.8014481909204819
4089 0.8014283342749993
4090 0.8014104467332912
4091 0.801394551276259
4092 0.8013806586188607
4093 0.8013687778930861
4094 0.8013589124747618
4095 0.801351063881373
4096 0.801345233974729
4097 0.8013414278604833
4098 0.8013396426354594
4099 0.8013398783198021
4100 0.801342137433303
4101 0.8013464126222636
4102 0.8013526980305324
4103 0.8013609847659798
4104 0.8013712262223366
4105 0.8013834313408774
4106 0.8013975820653839
4107 0.8014136627939176
4108 0.8014316468290288
4109 0.8014514947491603
4110 0.8014731597241033
4111 0.8014965936329499
4112 0.8015217474588573
4113 0.8015485808860846
4114 0.8015770574032151
4115 0.8016071364849084
4116 0.8016387877658712
4117 0.8016719485195837
4118 0.801706566799729
4119 0.8017425951159516
4120 0.8017799837995723
4121 0.8018186778767337
4122 0.8018586089503588
4123 0.8018997171943693
4124 0.8019419431466113
4125 0.8019852275346652
4126 0.8020295129623572
4127 0.8020747385448604
4128 0.8021208384550559
4129 0.8021677481589123
4130 0.8022154007229424
4131 0.8022637059976828
4132 0.8023125873512653
4133 0.8023619711971073
4134 0.8024117849065442
4135 0.8024619547773867
4136 0.8025124094907015
4137 0.802563070183239
4138 0.8026138620365946
4139 0.8026647120189848
4140 0.8027155486461738
4141 0.8027663010840476
4142 0.802816898177647
4143 0.8028672689510936
4144 0.8029173431112785
4145 0.8029670512370116
4146 0.8030163248526826
4147 0.8030650963950514
4148 0.8031132986953622
4149 0.8031608650823454
4150 0.803207729548047
4151 0.8032538271243673
4152 0.8032990941494618
4153 0.803343468197963
4154 0.8033868869577051
4155 0.8034292871216594
4156 0.8034706081283202
4157 0.8035107955988173
4158 0.8035498060414371
4159 0.8035875777526635
4160 0.80362405348861
4161 0.8036591801386149
4162 0.8036929076958433
4163 0.8037251887935009
4164 0.8037559783106509
4165 0.8037852340883185
4166 0.8038129163253146
4167 0.8038389867599283
4168 0.8038634113653156
4169 0.8038861600746356
4170 0.8039072058575737
4171 0.8039265239728232
4172 0.8039440912579466
4173 0.8039598855996077
4174 0.8039738886907754
4175 0.8039860836943857
4176 0.8039964605715477
4177 0.8040050855601705
4178 0.8040118618896114
4179 0.8040167513279144
4180 0.8040197656191544
4181 0.8040209135812548
4182 0.8040202035069793
4183 0.8040176356499011
4184 0.8040132178306345
4185 0.8040069639758172
4186 0.8039988883440886
4187 0.8039890082611832
4188 0.8039773450309958
4189 0.80396391825213
4190 0.803948752806269
4191 0.8039318775501908
4192 0.8039133224090428
4193 0.8038931163635394
4194 0.8038712905719627
4195 0.803847876226032
4196 0.8038229065409562
4197 0.8037964193810689
4198 0.803768454920898
4199 0.803739063422063
4200 0.8037082950342944
4201 0.8036761914767419
4202 0.8036427983383426
4203 0.8036081639185053
4204 0.8035723393222601
4205 0.8035353788283066
4206 0.8034973394509274
4207 0.8034582772799123
4208 0.8034182516651506
4209 0.8033773267627059
4210 0.8033355727343826
4211 0.8032930641201856
4212 0.8032498711164774
4213 0.8032060575063401
4214 0.8031616857999102
4215 0.803116824144821
4216 0.8030715441081816
4217 0.8030259162154446
4218 0.8029800095908364
4219 0.8029338904491916
4220 0.8028876240532316
4221 0.8028412707492893
4222 0.8027948961371395
4223 0.8027485689004608
4224 0.8027023586611028
4225 0.8026563330206381
4226 0.8026105640701031
4227 0.8025651271761721
4228 0.8025200810733318
4229 0.802475494524382
4230 0.802431435696514
4231 0.80238797012448
4232 0.8023451624294134
4233 0.8023030776192455
4234 0.802261779239126
4235 0.802221328288469
4236 0.8021817826835561
4237 0.8021431974036594
4238 0.8021056235832592
4239 0.8020691108832743
4240 0.802033707657964
4241 0.8019994609491388
4242 0.8019664148632162
4243 0.8019346118620322
4244 0.8019040926665669
4245 0.8018748964582308
4246 0.8018470607073365
4247 0.8018207176329232
4248 0.8017958130065166
4249 0.8017723291119995
4250 0.8017502931834765
4251 0.801729742702183
4252 0.8017107120708672
4253 0.8016932294837562
4254 0.8016773181260755
4255 0.8016629952269242
4256 0.8016502741796742
4257 0.8016391662325963
4258 0.8016296823722091
4259 0.8016218289049851
4260 0.80161560868767
4261 0.8016110261913441
4262 0.8016080863013729
4263 0.8016067922767079
4264 0.8016071464897039
4265 0.801609147228341
4266 0.8016127900897062
4267 0.8016180683441703
4268 0.8016249684774343
4269 0.8016334721628946
4270 0.8016435412747628
4271 0.8016551874611092
4272 0.8016683964647776
4273 0.8016831424647541
4274 0.8016993960156944
4275 0.8017171218589025
4276 0.8017362828066716
4277 0.8017568427172729
4278 0.8017787672258651
4279 0.8018020201470164
4280 0.8018265681916692
4281 0.8018523767444459
4282 0.8018794094890488
4283 0.8019076280539643
4284 0.8019369915010542
4285 0.8019674562849031
4286 0.8019989698849658
4287 0.8020314781134693
4288 0.8020649371741552
4289 0.8020993006519513
4290 0.8021345197214548
4291 0.802170544992215
4292 0.8022073258315225
4293 0.8022448085155979
4294 0.8022829363326397
4295 0.8023216505550421
4296 0.8023608911364029
4297 0.8024005964159929
4298 0.8024407033638834
4299 0.8024811510163201
4300 0.8025218790365504
4301 0.8025628264785167
4302 0.8026039323321404
4303 0.8026451356794571
4304 0.8026863767136962
4305 0.8027275994809413
4306 0.802768743223481
4307 0.8028097494169987
4308 0.8028505607590913
4309 0.8028911206626957
4310 0.8029313730615468
4311 0.8029712623340748
4312 0.8030107337972642
4313 0.8030497335872953
4314 0.8030882079000933
4315 0.8031261033304518
4316 0.8031633671939179
4317 0.8031999477769842
4318 0.803235794494514
4319 0.8032708578233229
4320 0.803305089271263
4321 0.8033384401823046
4322 0.8033708609634373
4323 0.8034023061464312
4324 0.8034327347681249
4325 0.8034621061793811
4326 0.8034903801484462
4327 0.8035175150909009
4328 0.8035434716419826
4329 0.8035682136034883
4330 0.8035917117631535
4331 0.8036139289871571
4332 0.8036348352759676
4333 0.8036544049720689
4334 0.8036726149088099
4335 0.8036894432815981
4336 0.803704868867707
4337 0.8037188719387387
4338 0.8037314337080356
4339 0.8037425375409822
4340 0.8037521501881101
4341 0.8037602822095132
4342 0.8037669278073841
4343 0.8037721517318234
4344 0.803775890241097
4345 0.8037781020596604
4346 0.8037787816749465
4347 0.8037779376183909
4348 0.8037755854167884
4349 0.8037717379765974
4350 0.8037664090137097
4351 0.8037596177462082
4352 0.8037513693572863
4353 0.803741676130471
4354 0.8037305559025648
4355 0.8037180318854409
4356 0.8037041290560361
4357 0.8036888790978766
4358 0.8036723034681577
4359 0.8036544251471672
4360 0.8036352693591011
4361 0.8036148628728927
4362 0.8035932369328851
4363 0.803570426445817
4364 0.8035464685075213
4365 0.8035214030336372
4366 0.8034952712377237
4367 0.8034681166044327
4368 0.8034399791954684
4369 0.8034108990129029
4370 0.8033809169824178
4371 0.8033500778387245
4372 0.8033184279120622
4373 0.803286013638274
4374 0.8032528857949781
4375 0.8032190973288507
4376 0.803184703186975
4377 0.8031497600964554
4378 0.8031143252641936
4379 0.8030784524650724
4380 0.8030421936191837
4381 0.8030056005336536
4382 0.8029687261145693
4383 0.8029316203365997
4384 0.8028943343271243
4385 0.8028569237505386
4386 0.8028194565978141
4387 0.8027819834756895
4388 0.8027445557947093
4389 0.8027072264299899
4390 0.8026700511909086
4391 0.8026330877600356
4392 0.8025963933381074
4393 0.8025600231663633
4394 0.8025240306229421
4395 0.8024884668777679
4396 0.8024533808914366
4397 0.8024188255898195
4398 0.8023848508746869
4399 0.8023515055230668
4400 0.802318837255555
4401 0.802286889287487
4402 0.8022557089824116
4403 0.8022253413325419
4404 0.8021958282983815
4405 0.802167210515302
4406 0.8021395275514279
4407 0.8021128176297976
4408 0.8020871164606547
4409 0.8020624573131765
4410 0.8020389121636119
4411 0.8020165162016288
4412 0.8019952294263614
4413 0.8019750661679399
4414 0.8019560592997359
4415 0.8019382437390423
4416 0.8019216490107188
4417 0.801906296627882
4418 0.8018922016061205
4419 0.8018793766427434
4420 0.8018678365880183
4421 0.801857596731433
4422 0.8018486718827752
4423 0.8018410733087629
4424 0.8018348089385209
4425 0.8018298824337791
4426 0.8018262946067211
4427 0.8018240448051496
4428 0.8018231320512272
4429 0.8018235558361955
4430 0.8018253126126255
4431 0.8018283968797016
4432 0.8018328019891104
4433 0.8018385190925807
4434 0.8018455416129989
4435 0.8018538580663571
4436 0.8018634355656455
4437 0.8018742734378325
4438 0.8018863532143597
4439 0.8018996535851166
4440 0.8019141493062012
4441 0.8019298094551089
4442 0.8019466034674613
4443 0.8019645032958796
4444 0.8019834814968084
4445 0.8020035107602572
4446 0.802024562178558
4447 0.8020466055881302
4448 0.8020696081950439
4449 0.8020935324046409
4450 0.8021183396146701
4451 0.8021439891686638
4452 0.8021704448533526
4453 0.8021976697431524
4454 0.8022256248760847
4455 0.8022542680725395
4456 0.8022835566918894
4457 0.8023134485034986
4458 0.8023438997230808
4459 0.8023748650302019
4460 0.8024062977163734
4461 0.8024381501010199
4462 0.8024703741402954
4463 0.8025029212736203
4464 0.8025357424585317
4465 0.8025687882381021
4466 0.8026020095915734
4467 0.8026353575187901
4468 0.8026687830500997
4469 0.8027022373121283
4470 0.8027356717312921
4471 0.802769037474657
4472 0.8028022865474213
4473 0.802835371422855
4474 0.8028682449091044
4475 0.8029008603140395
4476 0.8029331729133969
4477 0.8029651362794751
4478 0.8029967053918161
4479 0.8030278366439014
4480 0.8030584874631419
4481 0.8030886161938531
4482 0.8031181822328403
4483 0.8031471452506581
4484 0.8031754654969284
4485 0.8032031034452244
4486 0.8032300202540624
4487 0.8032561782433514
4488 0.8032815408384334
4489 0.8033060716379106
4490 0.803329734605678
4491 0.8033525003333996
4492 0.8033743402973289
4493 0.803395225594946
4494 0.8034151271425913
4495 0.803434016193643
4496 0.8034518659887524
4497 0.8034686521067308
4498 0.8034843513611534
4499 0.8034989425988214
4500 0.8035124070199925
4501 0.8035247277589734
4502 0.8035358893665956
4503 0.8035458786666694
4504 0.803554670342953
4505 0.8035622707509068
4506 0.8035686761980497
4507 0.8035738829727447
4508 0.8035778818661258
4509 0.8035806818509749
4510 0.8035823255668247
4511 0.8035827451926316
4512 0.8035819224094718
4513 0.8035798630808736
4514 0.8035765813949115
4515 0.8035720923357187
4516 0.8035664100223994
4517 0.8035595490887679
4518 0.8035515244794948
4519 0.8035423519616715
4520 0.8035320484545566
4521 0.8035206309622601
4522 0.8035081179516078
4523 0.8034945297176637
4524 0.8034798862555648
4525 0.8034642100933933
4526 0.8034475288138108
4527 0.8034298680980748
4528 0.8034112551967587
4529 0.8033917201681677
4530 0.8033712948912585
4531 0.8033500128845514
4532 0.8033279093966955
4533 0.8033050193379471
4534 0.8032813790570769
4535 0.8032570237633379
4536 0.8032319886474069
4537 0.8032063099786421
4538 0.8031800229970217
4539 0.8031531670522744
4540 0.8031257890254432
4541 0.8030979317385125
4542 0.8030696401181359
4543 0.8030409597814995
4544 0.8030119348630214
4545 0.8029826086904324
4546 0.8029530253389598
4547 0.8029232276615899
4548 0.8028932576405308
4549 0.802863157336826
4550 0.8028329688087571
4551 0.8028027356920502
4552 0.8027724997968921
4553 0.8027423020571884
4554 0.8027121851059911
4555 0.8026821922652508
4556 0.8026523678141858
4557 0.8026227565423031
4558 0.8025934027946521
4559 0.8025643500592448
4560 0.8025356407021902
4561 0.8025073160473154
4562 0.8024794162811807
4563 0.8024519804983846
4564 0.8024250461095261
4565 0.8023986531116355
4566 0.8023728389856023
4567 0.8023476396407877
4568 0.8023230895877373
4569 0.8022992226502056
4570 0.8022760718800522
4571 0.8022536694418262
4572 0.8022320464905395
4573 0.8022112665276231
4574 0.8021913607766954
4575 0.8021723048157504
4576 0.8021541164987283
4577 0.8021368271000843
4578 0.8021204682349032
4579 0.8021050672432825
4580 0.8020906459739822
4581 0.8020772229341343
4582 0.8020648140343581
4583 0.8020534335516463
4584 0.8020430942359796
4585 0.8020338075949841
4586 0.8020255831398069
4587 0.8020184288416138
4588 0.8020123517567591
4589 0.8020073577007751
4590 0.8020034505304039
4591 0.8020006341653013
4592 0.8019989108304129
4593 0.8019982799414831
4594 0.8019987400484674
4595 0.8020002889870278
4596 0.8020029231470174
4597 0.802006635844697
4598 0.8020114196039364
4599 0.8020172647754488
4600 0.802024156568754
4601 0.8020320797292456
4602 0.8020410184788306
4603 0.8020509432046057
4604 0.8020618535395174
4605 0.8020737316234345
4606 0.8020865553678533
4607 0.8021003009076373
4608 0.8021149426946919
4609 0.802130456268766
4610 0.8021468173502702
4611 0.8021639994169915
4612 0.8021819768857678
4613 0.8022007241496332
4614 0.8022202129791778
4615 0.8022404081199997
4616 0.8022612782222672
4617 0.8022827928462477
4618 0.8023049208818586
4619 0.8023276326799665
4620 0.802350896108068
4621 0.8023746769507882
4622 0.8023989405806398
4623 0.8024236520334874
4624 0.8024487753206127
4625 0.8024742734201954
4626 0.8025001085509991
4627 0.8025262424214145
4628 0.8025526363965589
4629 0.8025792512129996
4630 0.8026060469590582
4631 0.8026329844400993
4632 0.8026600238505037
4633 0.8026871242456106
4634 0.802714245009339
4635 0.802741346059607
4636 0.8027683878771508
4637 0.8027953314785515
4638 0.8028221382110461
4639 0.8028487693645155
4640 0.8028751866124553
4641 0.8029013522256303
4642 0.8029272291537842
4643 0.8029527810524066
4644 0.8029779722324663
4645 0.8030027678193741
4646 0.8030271338001576
4647 0.8030510370501197
4648 0.8030744452039563
4649 0.8030973263907746
4650 0.8031196493011171
4651 0.8031413833654825
4652 0.8031624987663452
4653 0.8031829664292943
4654 0.8032027578190523
4655 0.8032218449975786
4656 0.8032402010497258
4657 0.8032577992697479
4658 0.8032746137028658
4659 0.8032906212718049
4660 0.8033058015245736
4661 0.8033201348755487
4662 0.8033336024293127
4663 0.8033461861212421
4664 0.8033578690809368
4665 0.8033686363072735
4666 0.8033784724091491
4667 0.8033873581558655
4668 0.8033952985514278
4669 0.8034022858619713
4670 0.8034083117712247
4671 0.8034133685441643
4672 0.8034174494354056
4673 0.8034205493812026
4674 0.8034226648311257
4675 0.8034237928280219
4676 0.8034239367598679
4677 0.8034231453856273
4678 0.8034213673612551
4679 0.8034185919366136
4680 0.8034148284911045
4681 0.8034100930695932
4682 0.8034044024185508
4683 0.8033977721574775
4684 0.8033902165318086
4685 0.8033817487737106
4686 0.80337238257877
4687 0.8033621322448913
4688 0.8033510144185737
4689 0.8033390472504575
4690 0.8033262489265163
4691 0.8033126397495914
4692 0.8032982413543643
4693 0.8032830767632601
4694 0.8032671711796371
4695 0.8032505507489837
4696 0.8032332421456959
4697 0.8032152731450288
4698 0.8031966727318356
4699 0.8031774718064684
4700 0.8031577004365398
4701 0.8031373886192509
4702 0.8031165677967903
4703 0.803095266503658
4704 0.8030735129576313
4705 0.8030513369564889
4706 0.803028771056858
4707 0.8030058516305998
4708 0.8029826163957143
4709 0.8029591032913137
4710 0.8029353498098961
4711 0.8029113927680477
4712 0.8028872673064256
4713 0.8028630074443843
4714 0.8028386479644845
4715 0.8028142227068377
4716 0.8027897649562724
4717 0.8027653093850027
4718 0.8027408907391735
4719 0.8027165425196868
4720 0.8026922973586982
4721 0.8026681896715137
4722 0.8026442547950575
4723 0.8026205285546852
4724 0.8025970462905498
4725 0.8025738430404804
4726 0.8025509530333026
4727 0.8025284097674575
4728 0.8025062455269867
4729 0.802484491520174
4730 0.8024631781392636
4731 0.8024423349820649
4732 0.8024219907798538
4733 0.8024021728664167
4734 0.8023829092737708
4735 0.8023642272382978
4736 0.8023462072002604
4737 0.8023288165516727
4738 0.8023120625941511
4739 0.8022959712432007
4740 0.8022805713795746
4741 0.8022658902614443
4742 0.8022519508860907
4743 0.8022387730036817
4744 0.8022263739324782
4745 0.8022147693138719
4746 0.802203973546461
4747 0.8021939996702635
4748 0.802184859654916
4749 0.8021765643633303
4750 0.8021691234880551
4751 0.8021625456320503
4752 0.8021568375631568
4753 0.802152004850738
4754 0.8021480510257611
4755 0.8021449784989071
4756 0.802142789556708
4757 0.8021414862395221
4758 0.802141069632432
4759 0.8021415389475293
4760 0.8021428919965138
4761 0.8021451237941877
4762 0.8021482286267074
4763 0.8021522008818112
4764 0.8021570302648261
4765 0.8021627043948806
4766 0.8021692099264777
4767 0.8021765348592901
4768 0.8021846674354509
4769 0.8021935939890642
4770 0.8022032898515522
4771 0.8022137521738105
4772 0.8022249653252582
4773 0.8022369099414034
4774 0.8022495636169463
4775 0.8022629028801138
4776 0.8022769065718615
4777 0.8022915531023695
4778 0.8023068194801195
4779 0.8023226783450687
4780 0.802339104403143
4781 0.8023560737406322
4782 0.8023735627271814
4783 0.8023915468266344
4784 0.8024100002625698
4785 0.80242889624049
4786 0.8024482065506362
4787 0.8024679020958909
4788 0.8024879549169919
4789 0.8025083374613796
4790 0.8025290207707463
4791 0.8025499745657374
4792 0.8025711677429589
4793 0.8025925686400112
4794 0.8026141453648894
4795 0.8026358656219486
4796 0.8026576966276635
4797 0.8026796062028857
4798 0.8027015621798446
4799 0.8027235321620966
4800 0.80274548367613
4801 0.8027673841652543
4802 0.8027892009759627
4803 0.8028109023317508
4804 0.8028324571485831
4805 0.8028538348861406
4806 0.8028750055530988
4807 0.802895939502566
4808 0.8029166073410757
4809 0.8029369795134541
4810 0.802957027068961
4811 0.8029767216395413
4812 0.8029960354602198
4813 0.8030149415830395
4814 0.8030334139418202
4815 0.8030514273608885
4816 0.8030689575797311
4817 0.8030859809744153
4818 0.8031024748390533
4819 0.8031184170297206
4820 0.8031337856813163
4821 0.8031485596155229
4822 0.8031627183389011
4823 0.8031762422247742
4824 0.8031891125662206
4825 0.8032013106653662
4826 0.803212822685079
4827 0.8032236330635474
4828 0.8032337263163948
4829 0.8032430813026213
4830 0.8032516971483353
4831 0.8032595648701127
4832 0.8032666746030608
4833 0.8032730159845838
4834 0.8032785794886854
4835 0.8032833568558165
4836 0.8032873418488846
4837 0.8032905310456907
4838 0.8032929219505813
4839 0.8032945131826169
4840 0.8032953047675929
4841 0.8032952974534768
4842 0.8032944939214209
4843 0.8032928976953192
4844 0.8032905247039368
4845 0.8032873989306278
4846 0.803283491317879
4847 0.8032788005068865
4848 0.8032733380367751
4849 0.8032671198823962
4850 0.8032601616186977
4851 0.8032524771024755
4852 0.8032440799759518
4853 0.8032349840071634
4854 0.8032252035813775
4855 0.803214754263491
4856 0.8032036523916101
4857 0.8031919157099462
4858 0.8031795636290852
4859 0.8031666164141364
4860 0.803153095250014
4861 0.803139022309278
4862 0.8031244204143752
4863 0.8031093127559427
4864 0.8030937222889134
4865 0.8030776730703404
4866 0.8030611917751924
4867 0.8030443045922827
4868 0.803027036845478
4869 0.803009412214695
4870 0.8029914547464865
4871 0.8029731894075571
4872 0.802954641481388
4873 0.8029358384185922
4874 0.8029168084419183
4875 0.802897580186254
4876 0.8028781829682107
4877 0.802858646671526
4878 0.8028390012762875
4879 0.8028192763600694
4880 0.8027995008836186
4881 0.8027797032592986
4882 0.8027599114791372
4883 0.802740154024311
4884 0.802720459859088
4885 0.802700857042511
4886 0.8026813721148569
4887 0.8026620311693958
4888 0.8026428607149211
4889 0.8026238882930133
4890 0.8026051418328481
4891 0.8025866492376346
4892 0.8025684379952946
4893 0.8025505348597317
4894 0.8025329655982766
4895 0.8025157552496994
4896 0.8024989279768702
4897 0.8024825130897775
4898 0.8024665645864085
4899 0.8024510616249286
4900 0.8024360163095545
4901 0.8024214524689289
4902 0.8024073957773504
4903 0.8023938697452923
4904 0.8023808951086503
4905 0.8023684903064278
4906 0.8023566717194704
4907 0.8023454558820868
4908 0.8023348580244324
4909 0.8023248921127936
4910 0.8023155709407134
4911 0.8023069062480732
4912 0.8022989086467032
4913 0.8022915883293986
4914 0.8022849530538448
4915 0.8022790096543633
4916 0.8022737634625893
4917 0.8022692199209639
4918 0.802265384104895
4919 0.8022622602253512
4920 0.8022598515873883
4921 0.8022581602280634
4922 0.8022571873049625
4923 0.8022569321930618
4924 0.802257392061431
4925 0.8022585634044792
4926 0.802260442890152
4927 0.8022630269119108
4928 0.8022663099709194
4929 0.8022702845301435
4930 0.8022749431768216
4931 0.8022802770631032
4932 0.8022862763609252
4933 0.8022929299939237
4934 0.8023002273558841
4935 0.8023081565360121
4936 0.8023167048986244
4937 0.8023258586817853
4938 0.8023355943194133
4939 0.8023459057446624
4940 0.8023567765685388
4941 0.8023681876916066
4942 0.8023801181043162
4943 0.8023925448913307
4944 0.8024054483113072
4945 0.802418809449402
4946 0.802432609215062
4947 0.8024468276527894
4948 0.8024614438628019
4949 0.8024764362677534
4950 0.8024917831257262
4951 0.8025074624188759
4952 0.8025234509317299
4953 0.8025397255593195
4954 0.8025562635462808
4955 0.8025730414514567
4956 0.8025900348682485
4957 0.8026072185991642
4958 0.8026245665793971
4959 0.8026420531263374
4960 0.8026596523568772
4961 0.8026773380893144
4962 0.8026950837069737
4963 0.802712862691045
4964 0.8027306490634005
4965 0.8027484169393998
4966 0.8027661404290791
4967 0.8027837939277097
4968 0.8028013518978139
4969 0.8028187890187636
4970 0.802836080346749
4971 0.8028532013488016
4972 0.8028701277541511
4973 0.8028868353212548
4974 0.8029033001905308
4975 0.8029194991845841
4976 0.8029354094802384
4977 0.8029510082429452
4978 0.8029662732603019
4979 0.8029811830149248
4980 0.8029957166862157
4981 0.8030098541520411
4982 0.8030235760212701
4983 0.8030368638122626
4984 0.8030496998763595
4985 0.8030620673887784
4986 0.8030739501435431
4987 0.8030853326617898
4988 0.8030961996651337
4989 0.8031065371886976
4990 0.8031163321356083
4991 0.8031255651026018
4992 0.8031342315716554
4993 0.8031423209484042
4994 0.8031498220986074
4995 0.8031567240503643
4996 0.803163016497322
4997 0.8031686901101918
4998 0.8031737367802579
4999 0.8031781499426339
5000 0.8031819249727962
5001 0.8031850575848285
5002 0.8031875449782984
5003 0.8031893857737193
5004 0.8031905791735753
5005 0.8031911246272583
5006 0.8031910233139813
5007 0.8031902775442551
5008 0.8031888907195341
5009 0.8031868670763433
5010 0.8031842116619455
5011 0.8031809300337828
5012 0.8031770285182397
5013 0.8031725274771354
5014 0.8031674387864813
5015 0.8031617496160326
5016 0.8031554649020566
5017 0.8031485979216794
5018 0.8031411640778708
5019 0.8031331783107
5020 0.8031246544223301
5021 0.8031156062363652
5022 0.8031060485358208
5023 0.8030959967408297
5024 0.8030854668247591
5025 0.8030744760906808
5026 0.803063042985101
5027 0.8030511857141391
5028 0.8030389226242779
5029 0.8030262723760394
5030 0.80301325365786
5031 0.8029998854468917
5032 0.802986187613881
5033 0.8029721812374695
5034 0.8029578878026771
5035 0.8029433279751849
5036 0.8029285217990028
5037 0.8029134904542731
5038 0.8028982563004102
5039 0.8028828422649156
5040 0.8028672714049457
5041 0.8028515670170701
5042 0.8028357518262319
5043 0.8028198493828175
5044 0.8028038836003429
5045 0.8027878784724697
5046 0.8027718580261389
5047 0.8027558458662036
5048 0.8027398650643925
5049 0.8027239383409909
5050 0.8027080881189943
5051 0.8026923366162697
5052 0.8026767064662199
5053 0.8026612199329112
5054 0.8026458985934637
5055 0.802630763991049
5056 0.8026158371490496
5057 0.8026011388248017
5058 0.8025867018730358
5059 0.8025725544519857
5060 0.8025586921156291
5061 0.8025451300770365
5062 0.802531890053597
5063 0.8025189942390428
5064 0.8025064632027341
5065 0.8024943157093147
5066 0.8024825691700979
5067 0.802471240151853
5068 0.8024603446418294
5069 0.8024498984064067
5070 0.8024399159363327
5071 0.8024304106531921
5072 0.8024213952175505
5073 0.8024128812954102
5074 0.8024048799826569
5075 0.8023974013589374
5076 0.8023904543275018
5077 0.802384046868855
5078 0.8023781858505994
5079 0.8023728777881756
5080 0.8023681291603714
5081 0.8023639457118917
5082 0.8023603325556092
5083 0.8023572938962462
5084 0.8023548325947777
5085 0.8023529503336403
5086 0.8023516482428862
5087 0.8023509260100872
5088 0.802350782354282
5089 0.8023512160383546
5090 0.8023522256818988
5091 0.802353809509264
5092 0.80235596447476
5093 0.802358685915321
5094 0.8023619683906273
5095 0.8023658054826376
5096 0.802370189805142
5097 0.8023751125240136
5098 0.802380564659115
5099 0.8023865363020208
5100 0.8023930186113848
5101 0.8024000016087642
5102 0.8024074734645337
5103 0.8024154216629179
5104 0.8024238328013655
5105 0.8024326924327522
5106 0.8024419839618899
5107 0.8024516853962433
5108 0.8024617890514578
5109 0.8024722806968829
5110 0.8024831447381633
5111 0.8024943644397522
5112 0.8025059224275407
5113 0.8025178012257026
5114 0.8025299830858856
5115 0.8025424498479912
5116 0.8025551831390315
5117 0.8025681641031153
5118 0.8025813732051409
5119 0.8025947907459895
5120 0.8026083973602164
5121 0.802622173662914
5122 0.8026360999028247
5123 0.8026501558699627
5124 0.8026643209733763
5125 0.8026785743413117
5126 0.8026928949242181
5127 0.8027072615763338
5128 0.8027216530314476
5129 0.8027360479482051
5130 0.8027504251271191
5131 0.8027647638398031
5132 0.8027790433794701
5133 0.8027932430544126
5134 0.8028073423562935
5135 0.8028213210416797
5136 0.8028351591834227
5137 0.8028488371708711
5138 0.8028623356826219
5139 0.8028756355225538
5140 0.8028887177046806
5141 0.8029015635246747
5142 0.8029141545911082
5143 0.8029264729210175
5144 0.8029385010832575
5145 0.8029502223191252
5146 0.8029616205378156
5147 0.8029726802761487
5148 0.8029833867728969
5149 0.8029937257141142
5150 0.8030036832398529
5151 0.8030132413691139
5152 0.8030223923301315
5153 0.8030311243231465
5154 0.803039425249723
5155 0.8030472832694828
5156 0.8030546871232013
5157 0.8030616262754892
5158 0.8030680913985061
5159 0.8030740742665596
5160 0.8030795677716602
5161 0.803084565815784
5162 0.8030890632540777
5163 0.8030930557592754
5164 0.8030965388383061
5165 0.8030995086363008
5166 0.8031019619150765
5167 0.8031038959385796
5168 0.8031053085878239
5169 0.8031061988826146
5170 0.8031065671567597
5171 0.8031064145956022
5172 0.8031057432102544
5173 0.803104555489081
5174 0.8031028545726491
5175 0.8031006441797965
5176 0.8030979284937455
5177 0.8030947124304862
5178 0.8030910017691792
5179 0.8030868032714222
5180 0.8030821247142625
5181 0.8030769747832199
5182 0.8030713629210089
5183 0.8030652990314123
5184 0.8030588055354986
5185 0.8030518855466261
5186 0.8030445389633724
5187 0.803036775023965
5188 0.8030286068319797
5189 0.8030200495837383
5190 0.8030111184148359
5191 0.8030018282163177
5192 0.8029921939619142
5193 0.8029822311527387
5194 0.8029719552786134
5195 0.8029613822036039
5196 0.8029505279835454
5197 0.8029394092426575
5198 0.802928042591169
5199 0.8029164446721559
5200 0.8029046325362778
5201 0.8028926239558004
5202 0.8028804357807544
5203 0.8028680862007954
5204 0.8028555938269458
5205 0.8028429776240129
5206 0.8028302565962704
5207 0.8028174498309895
5208 0.8028045763796821
5209 0.8027916555493596
5210 0.8027787066006907
5211 0.8027657486066186
5212 0.8027528003066717
5213 0.8027398802256357
5214 0.8027270067907462
5215 0.8027141983965144
5216 0.8027014733713088
5217 0.8026888609433587
5218 0.8026763766887705
5219 0.8026640251592568
5220 0.8026518215123648
5221 0.8026397849977078
5222 0.8026279349377473
5223 0.8026162894473767
5224 0.8026048653935423
5225 0.8025936785534071
5226 0.8025827438416032
5227 0.8025720760645242
5228 0.8025616897843557
5229 0.8025515994147178
5230 0.8025418193636565
5231 0.8025323637936979
5232 0.8025232464641529
5233 0.8025144806965313
5234 0.8025060790018993
5235 0.802498053022045
5236 0.8024904135005166
5237 0.8024831704147413
5238 0.8024763330430683
5239 0.8024699099234238
5240 0.8024639089012273
5241 0.8024583374468275
5242 0.8024532024591485
5243 0.8024485104164694
5244 0.8024442673445219
5245 0.8024404786181357
5246 0.8024371488210031
5247 0.8024342815111115
5248 0.8024318793637111
5249 0.802429944085596
5250 0.8024284771272403
5251 0.8024274790406211
5252 0.8024269500353328
5253 0.8024268898811071
5254 0.8024272980609638
5255 0.8024281735920091
5256 0.8024295150194942
5257 0.8024313191367917
5258 0.8024335815712695
5259 0.8024362975991319
5260 0.8024394614388797
5261 0.8024430670712739
5262 0.8024471084660604
5263 0.8024515787341459
5264 0.8024564696343617
5265 0.8024617718975251
5266 0.8024674759943855
5267 0.8024735725644669
5268 0.8024800512864526
5269 0.8024869004112811
5270 0.8024941076873912
5271 0.8025016627232158
5272 0.8025095546080107
5273 0.8025177718880868
5274 0.8025263023171662
5275 0.8025351329103827
5276 0.8025442501858677
5277 0.8025536402025751
5278 0.8025632847942511
5279 0.8025731741040878
5280 0.8025832936314171
5281 0.8025936279673914
5282 0.8026041611365856
5283 0.8026148768615599
5284 0.8026257587502095
5285 0.8026367901412323
5286 0.8026479546823864
5287 0.8026592363440123
5288 0.8026706189937411
5289 0.8026820862116782
5290 0.802693621356482
5291 0.8027052076879369
5292 0.802716828470072
5293 0.8027284669896064
5294 0.8027401065289832
5295 0.802751730324669
5296 0.8027633214486111
5297 0.802774862814618
5298 0.8027863376799668
5299 0.8027977295904294
5300 0.8028090222449893
5301 0.8028201994851683
5302 0.802831245340576
5303 0.8028421440623478
5304 0.8028528800256604
5305 0.8028634377823041
5306 0.8028738021549812
5307 0.8028839583369782
5308 0.8028938919479484
5309 0.8029035890863633
5310 0.8029130337323371
5311 0.8029222159393954
5312 0.802931123471807
5313 0.8029397440297142
5314 0.8029480653643281
5315 0.8029560755590252
5316 0.8029637632694061
5317 0.8029711178373758
5318 0.8029781292385827
5319 0.8029847880521885
5320 0.8029910855039095
5321 0.8029970134698453
5322 0.8030025644595823
5323 0.8030077316702651
5324 0.8030125091335574
5325 0.803016891592405
5326 0.803020873996861
5327 0.8030244515825455
5328 0.8030276201331722
5329 0.8030303759671291
5330 0.8030327159717233
5331 0.8030346377252574
5332 0.8030361394165114
5333 0.8030372202484705
5334 0.8030378800503333
5335 0.8030381192457418
5336 0.803037938829946
5337 0.8030373402469714
5338 0.8030363253181066
5339 0.8030348963961167
5340 0.8030330565593433
5341 0.8030308092966554
5342 0.8030281586316131
5343 0.8030251091664101
5344 0.8030216661478735
5345 0.8030178357229127
5346 0.8030136247201379
5347 0.8030090406410776
5348 0.8030040913732677
5349 0.8029987849024589
5350 0.8029931297720418
5351 0.8029871352181804
5352 0.8029808106962764
5353 0.8029741659389088
5354 0.8029672108179351
5355 0.8029599552616112
5356 0.8029524096013567
5357 0.8029445853130194
5358 0.802936494447413
5359 0.802928149685744
5360 0.8029195644363235
5361 0.8029107525113636
5362 0.8029017277010183
5363 0.8028925040490561
5364 0.802883096262458
5365 0.8028735181208549
5366 0.8028637834882575
5367 0.8028539087072579
5368 0.8028439073822704
5369 0.8028337929399113
5370 0.8028235802333702
5371 0.8028132849280789
5372 0.8028029226048125
5373 0.8027925087078147
5374 0.8027820585283936
5375 0.8027715873369866
5376 0.8027611104040722
5377 0.8027506430244185
5378 0.8027402004377658
5379 0.8027297977817036
5380 0.8027194500831826
5381 0.802709172249142
5382 0.8026989790450448
5383 0.8026888850930499
5384 0.8026789047943373
5385 0.8026690523206796
5386 0.8026593415668147
5387 0.8026497861391987
5388 0.8026403992469009
5389 0.802631193589217
5390 0.8026221815608607
5391 0.8026133752423285
5392 0.8026047869624298
5393 0.8025964287966968
5394 0.8025883124163098
5395 0.8025804490115788
5396 0.8025728493917573
5397 0.8025655239652504
5398 0.8025584828083883
5399 0.802551735545339
5400 0.8025452912931588
5401 0.8025391588107885
5402 0.8025333463940834
5403 0.8025278617422577
5404 0.8025227121514669
5405 0.802517904388218
5406 0.802513444793285
5407 0.8025093391711426
5408 0.802505592748806
5409 0.8025022100527847
5410 0.8024991947960315
5411 0.802496550169733
5412 0.802494278971106
5413 0.8024923836009363
5414 0.8024908656765266
5415 0.8024897263894532
5416 0.8024889666996812
5417 0.8024885870779533
5418 0.802488587742586
5419 0.8024889691380154
5420 0.8024897296217163
5421 0.8024908662912213
5422 0.8024923763949225
5423 0.8024942569617307
5424 0.8024965039149391
5425 0.8024991131365383
5426 0.8025020798886686
5427 0.8025053984741778
5428 0.8025090625256724
5429 0.8025130649532154
5430 0.8025173983311028
5431 0.8025220548624874
5432 0.8025270255531147
5433 0.8025323018245678
5434 0.8025378761066296
5435 0.8025437405496485
5436 0.802549886529868
5437 0.802556304881325
5438 0.8025629860063327
5439 0.8025699201714903
5440 0.8025770967695965
5441 0.8025845045517405
5442 0.8025921317826863
5443 0.8025999663012191
5444 0.8026079957603998
5445 0.8026162077548382
5446 0.8026245897258121
5447 0.8026331289925015
5448 0.8026418128303563
5449 0.8026506284598377
5450 0.802659563017547
5451 0.8026686035604065
5452 0.8026777367517655
5453 0.8026869493054019
5454 0.8026962281854019
5455 0.8027055602420771
5456 0.8027149321218977
5457 0.8027243302959617
5458 0.8027337411360543
5459 0.8027431509738445
5460 0.8027525460773772
5461 0.8027619127006337
5462 0.8027712371452088
5463 0.8027805058516256
5464 0.8027897053306972
5465 0.8027988221208137
5466 0.8028078429831441
5467 0.8028167550412252
5468 0.8028255455957087
5469 0.8028342020903034
5470 0.8028427121189891
5471 0.8028510635197891
5472 0.8028592444459302
5473 0.8028672434030594
5474 0.8028750492307429
5475 0.8028826511474469
5476 0.8028900387563143
5477 0.8028972020446089
5478 0.8029041313269875
5479 0.8029108172744671
5480 0.8029172508626529
5481 0.8029234233921526
5482 0.8029293265135024
5483 0.8029349522749739
5484 0.8029402931630794
5485 0.8029453422367803
5486 0.8029500930947591
5487 0.8029545396015234
5488 0.8029586760486757
5489 0.8029624971535962
5490 0.8029659981383171
5491 0.802969174542452
5492 0.802972022523513
5493 0.8029745386942896
5494 0.802976720178191
5495 0.8029785646363065
5496 0.8029800703913798
5497 0.8029812364438457
5498 0.8029820622751481
5499 0.802982547872091
5500 0.8029826936582448
5501 0.8029825003013508
5502 0.8029819688455374
5503 0.80298110082157
5504 0.8029798982788666
5505 0.8029783638913993
5506 0.8029765006860495
5507 0.802974312119801
5508 0.8029718019618369
5509 0.8029689744973765
5510 0.8029658345052715
5511 0.8029623870534264
5512 0.802958637983313
5513 0.8029545937739125
5514 0.8029502612633258
5515 0.8029456475994143
5516 0.8029407604713316
5517 0.802935607641174
5518 0.8029301971199664
5519 0.8029245371375298
5520 0.8029186364080221
5521 0.8029125039507514
5522 0.802906148937838
5523 0.8028995806958067
5524 0.8028928088031591
5525 0.8028858436965897
5526 0.8028786960553278
5527 0.8028713769452857
5528 0.8028638977625963
5529 0.8028562702261255
5530 0.8028485063885941
5531 0.8028406182901219
5532 0.8028326180818323
5533 0.8028245179356971
5534 0.8028163299736483
5535 0.8028080664106694
5536 0.8027997386127518
5537 0.8027913587129876
5538 0.8027829390004786
5539 0.8027744918511214
5540 0.8027660295418685
5541 0.8027575643541928
5542 0.8027491087889992
5543 0.8027406750546701
5544 0.8027322751857124
5545 0.802723921169246
5546 0.8027156249783478
5547 0.8027073985157035
5548 0.8026992535685591
5549 0.8026912017678022
5550 0.8026832545643698
5551 0.802675423112528
5552 0.8026677182717618
5553 0.8026601506784926
5554 0.8026527306903641
5555 0.8026454685114238
5556 0.8026383741043304
5557 0.802631457291982
5558 0.8026247278075441
5559 0.8026181951688984
5560 0.802611868603763
5561 0.802605757012673
5562 0.8025998689244523
5563 0.802594212468958
5564 0.8025887953890074
5565 0.8025836250124326
5566 0.8025787082123716
5567 0.8025740514695319
5568 0.8025696608640127
5569 0.8025655419926772
5570 0.8025617000511375
5571 0.8025581399591455
5572 0.8025548660659908
5573 0.8025518822618261
5574 0.8025491920595846
5575 0.8025467986003089
5576 0.8025447047314845
5577 0.8025429128306534
5578 0.8025414248247588
5579 0.8025402423048109
5580 0.8025393666791445
5581 0.8025387995017317
5582 0.8025385408992933
5583 0.8025385899617657
5584 0.8025389451436207
5585 0.8025396048137268
5586 0.80254056715745
5587 0.8025418299107945
5588 0.8025433907157188
5589 0.802545246966234
5590 0.8025473954021763
5591 0.8025498320347653
5592 0.8025525523061351
5593 0.8025555512981608
5594 0.8025588231887091
5595 0.8025623612059647
5596 0.8025661591233861
5597 0.8025702107312788
5598 0.8025745096399429
5599 0.8025790490817254
5600 0.8025838222106922
5601 0.8025888218638804
5602 0.8025940407409246
5603 0.8025994710072233
5604 0.8026051042582654
5605 0.802610931667958
5606 0.8026169440680407
5607 0.8026231321224446
5608 0.8026294864450864
5609 0.8026359973613156
5610 0.8026426547920757
5611 0.8026494483919339
5612 0.8026563677050711
5613 0.8026634021918955
5614 0.8026705413119168
5615 0.802677774517874
5616 0.8026850912724746
5617 0.8026924810131655
5618 0.8026999331306862
5619 0.8027074369013337
5620 0.8027149814504959
5621 0.8027225560141164
5622 0.8027301499426143
5623 0.8027377524866949
5624 0.8027453527213011
5625 0.8027529396140237
5626 0.8027605021304054
5627 0.8027680292943693
5628 0.802775510207986
5629 0.8027829339816472
5630 0.802790289843636
5631 0.8027975671541856
5632 0.8028047553843259
5633 0.8028118441388955
5634 0.8028188231193463
5635 0.8028256820666388
5636 0.8028324110756951
5637 0.8028390005633457
5638 0.8028454412267608
5639 0.8028517240672778
5640 0.802857840421716
5641 0.8028637819732007
5642 0.8028695407413148
5643 0.8028751090863653
5644 0.8028804796544308
5645 0.802885645452326
5646 0.8028905996471505
5647 0.8028953356180418
5648 0.8028998470165732
5649 0.8029041278011615
5650 0.8029081723571391
5651 0.8029119753686192
5652 0.8029155319196296
5653 0.8029188373972872
5654 0.8029218874935623
5655 0.8029246782465569
5656 0.8029272060909706
5657 0.8029294678490487
5658 0.8029314607969257
5659 0.8029331827986912
5660 0.8029346322501998
5661 0.8029358080335911
5662 0.8029367094743882
5663 0.8029373362454405
5664 0.8029376883174358
5665 0.8029377659567207
5666 0.8029375696916834
5667 0.8029371003827265
5668 0.8029363593372785
5669 0.8029353482051611
5670 0.8029340689862505
5671 0.8029325240862952
5672 0.8029307162325798
5673 0.8029286484251266
5674 0.802926324238009
5675 0.8029237479172436
5676 0.8029209240528724
5677 0.8029178574681628
5678 0.8029145531976766
5679 0.8029110166146857
5680 0.8029072533780369
5681 0.802903269518527
5682 0.8028990714599067
5683 0.8028946662608875
5684 0.8028900610752935
5685 0.8028852631565007
5686 0.802880279850407
5687 0.8028751187152682
5688 0.8028697876758798
5689 0.802864294895142
5690 0.802858648668676
5691 0.8028528574118571
5692 0.8028469296640944
5693 0.8028408741600096
5694 0.8028347001278132
5695 0.8028284168861594
5696 0.8028220338927
5697 0.8028155606454557
5698 0.8028090067452933
5699 0.802802382007165
5700 0.802795696514486
5701 0.8027889604112182
5702 0.8027821838792688
5703 0.8027753770164362
5704 0.8027685493393011
5705 0.8027617108403857
5706 0.8027548718256216
5707 0.8027480425969334
5708 0.8027412333240084
5709 0.8027344539663139
5710 0.8027277142276154
5711 0.8027210235768175
5712 0.8027143913225023
5713 0.8027078266320573
5714 0.8027013385025205
5715 0.8026949358152419
5716 0.8026886273606211
5717 0.8026824218434254
5718 0.8026763279036153
5719 0.8026703541069172
5720 0.8026645089100782
5721 0.8026588006606259
5722 0.8026532375287621
5723 0.8026478274625743
5724 0.8026425781699212
5725 0.8026374970571725
5726 0.8026325912007216
5727 0.8026278672687089
5728 0.8026233315059748
5729 0.8026189898226366
5730 0.8026148477781719
5731 0.8026109106130294
5732 0.8026071833077142
5733 0.8026036705913033
5734 0.8026003769541784
5735 0.8025973067188278
5736 0.8025944639913785
5737 0.8025918525989638
5738 0.8025894761591734
5739 0.8025873380104541
5740 0.802585440906797
5741 0.8025837871321347
5742 0.802582379023223
5743 0.8025812180812831
5744 0.8025803047347625
5745 0.8025796389235055
5746 0.8025792204999552
5747 0.8025790494094057
5748 0.802579125361486
5749 0.8025794477023441
5750 0.8025800157470702
5751 0.8025808282223114
5752 0.8025818832707757
5753 0.8025831787656246
5754 0.8025847122696916
5755 0.8025864809047834
5756 0.8025884806575271
5757 0.8025907076539657
5758 0.8025931583385442
5759 0.8025958290497461
5760 0.8025987155891454
5761 0.8026018130712035
5762 0.8026051161026371
5763 0.8026086189689549
5764 0.8026123157057332
5765 0.8026162001535257
5766 0.8026202659683158
5767 0.802624506714556
5768 0.8026289159890433
5769 0.8026334873005249
5770 0.8026382138500132
5771 0.8026430886678347
5772 0.802648104293579
5773 0.8026532530131008
5774 0.8026585268901314
5775 0.8026639178158673
5776 0.8026694175767137
5777 0.802675017940941
5778 0.8026807105810232
5779 0.8026864871099451
5780 0.8026923390701877
5781 0.8026982578700358
5782 0.8027042348083089
5783 0.8027102610635919
5784 0.802716327762365
5785 0.8027224259808239
5786 0.8027285467747778
5787 0.8027346811896724
5788 0.8027408201649089
5789 0.8027469547009276
5790 0.8027530760183496
5791 0.8027591754850031
5792 0.8027652445150477
5793 0.8027712745407858
5794 0.8027772570234905
5795 0.8027831834697995
5796 0.8027890454556196
5797 0.8027948346386405
5798 0.8028005427504431
5799 0.8028061616612692
5800 0.8028116833608893
5801 0.8028170999890137
5802 0.8028224037871663
5803 0.8028275871449425
5804 0.8028326426365326
5805 0.8028375630514736
5806 0.8028423414860063
5807 0.802846971268017
5808 0.8028514459986124
5809 0.8028557596831706
5810 0.8028599065701777
5811 0.8028638811535584
5812 0.802867678164316
5813 0.8028712925709262
5814 0.802874719623719
5815 0.8028779548562176
5816 0.8028809940570911
5817 0.8028838332865166
5818 0.8028864689152925
5819 0.8028888976280029
5820 0.8028911164105568
5821 0.8028931226365227
5822 0.8028949140536731
5823 0.8028964887195106
5824 0.8028978450316887
5825 0.8028989817145303
5826 0.8028998977012364
5827 0.8029005921741298
5828 0.8029010646811712
5829 0.8029013151105091
5830 0.8029013436549294
5831 0.8029011507948629
5832 0.8029007372785792
5833 0.8029001041666006
5834 0.8028992527507832
5835 0.802898184750549
5836 0.8028969022655345
5837 0.8028954076628408
5838 0.802893703630202
5839 0.8028917932622764
5840 0.8028896799989587
5841 0.8028873675920889
5842 0.8028848600475679
5843 0.8028821616159364
5844 0.802879276748372
5845 0.8028762101168655
5846 0.8028729666225768
5847 0.8028695514285165
5848 0.8028659698561363
5849 0.8028622274938005
5850 0.8028583304389242
5851 0.8028542848499736
5852 0.8028500970086637
5853 0.8028457732614446
5854 0.8028413200684221
5855 0.8028367441047852
5856 0.8028320523703901
5857 0.8028272520823129
5858 0.8028223504719012
5859 0.8028173548408059
5860 0.8028122726304053
5861 0.802807111404202
5862 0.8028018788613521
5863 0.8027965828100021
5864 0.8027912313112102
5865 0.8027858325690734
5866 0.802780394691008
5867 0.8027749255954932
5868 0.8027694331029256
5869 0.8027639250714328
5870 0.8027584094498951
5871 0.8027528942654584
5872 0.8027473875916046
5873 0.8027418970091255
5874 0.8027364303639851
5875 0.8027309955508387
5876 0.802725600456044
5877 0.8027202528684581
5878 0.8027149604601482
5879 0.8027097308010164
5880 0.8027045713619493
5881 0.802699489525716
5882 0.8026944925657458
5883 0.8026895876276663
5884 0.8026847816885774
5885 0.8026800814944164
5886 0.8026754935787968
5887 0.8026710242443424
5888 0.8026666795572261
5889 0.80266246536769
5890 0.802658387357108
5891 0.8026544510533581
5892 0.8026506618045246
5893 0.8026470247828235
5894 0.8026435449677568
5895 0.8026402271009605
5896 0.8026370756691447
5897 0.8026340949080446
5898 0.802631288732564
5899 0.8026286607579728
5900 0.8026262143743992
5901 0.8026239529740745
5902 0.8026218794006581
5903 0.8026199960872972
5904 0.8026183049768649
5905 0.8026168075758887
5906 0.8026155052907237
5907 0.8026143995247738
5908 0.8026134915834801
5909 0.8026127825304118
5910 0.8026122730534033
5911 0.8026119635675154
5912 0.8026118542445708
5913 0.8026119448595964
5914 0.8026122347480558
5915 0.8026127229038186
5916 0.8026134077906187
5917 0.8026142876052058
5918 0.8026153608030666
5919 0.8026166256184171
5920 0.8026180798202951
5921 0.8026197207586879
5922 0.8026215454040826
5923 0.8026235505068458
5924 0.8026257326710857
5925 0.8026280882358784
5926 0.8026306132259936
5927 0.8026333033031349
5928 0.8026361537859882
5929 0.8026391597142284
5930 0.8026423160310356
5931 0.8026456175676077
5932 0.8026490591058748
5933 0.8026526353386403
5934 0.8026563408674195
5935 0.8026601702420165
5936 0.80266411805347
5937 0.8026681787394189
5938 0.8026723464698473
5939 0.8026766150978012
5940 0.8026809781388354
5941 0.8026854288210948
5942 0.802689960252277
5943 0.8026945655557973
5944 0.8026992377532214
5945 0.8027039698362409
5946 0.8027087547575152
5947 0.802713585415389
5948 0.8027184546493042
5949 0.8027233552711259
5950 0.8027282800472861
5951 0.8027332217270519
5952 0.8027381730985563
5953 0.8027431270099
5954 0.8027480763415467
5955 0.8027530140096949
5956 0.8027579329554091
5957 0.8027628261453733
5958 0.8027676865721012
5959 0.8027725072091983
5960 0.802777281153954
5961 0.8027820016725972
5962 0.802786662096125
5963 0.802791255810585
5964 0.8027957763071055
5965 0.8028002171834133
5966 0.8028045721737416
5967 0.8028088351024788
5968 0.8028129998937537
5969 0.8028170606219071
5970 0.8028210115225689
5971 0.8028248470146735
5972 0.8028285617542865
5973 0.8028321506613035
5974 0.8028356089078007
5975 0.8028389319047506
5976 0.8028421153010956
5977 0.8028451549311746
5978 0.8028480468183722
5979 0.8028507871930649
5980 0.8028533725024509
5981 0.8028557993832339
5982 0.8028580647038709
5983 0.8028601656318065
5984 0.8028620994978525
5985 0.8028638638980119
5986 0.8028654566842639
5987 0.8028668759781283
5988 0.8028681201333274
5989 0.8028691877395255
5990 0.8028700776596267
5991 0.8028707890355017
5992 0.8028713212835732
5993 0.8028716740830939
5994 0.8028718474462924
5995 0.802871841647923
5996 0.802871657175797
5997 0.8028712946815834
5998 0.8028707550843844
5999 0.8028700395622183
6000 0.8028691495571801
6001 0.8028680867579105
6002 0.8028668531003985
6003 0.8028654508025447
6004 0.8028638823699779
6005 0.8028621506359814
6006 0.8028602586829476
6007 0.802858209823428
6008 0.8028560075747347
6009 0.8028536556389853
6010 0.8028511578913531
6011 0.802848518359641
6012 0.8028457412481195
6013 0.8028428309480961
6014 0.8028397920416249
6015 0.8028366292266658
6016 0.8028333474148115
6017 0.8028299517482201
6018 0.8028264475999376
6019 0.8028228403110953
6020 0.8028191352688668
6021 0.8028153379446593
6022 0.8028114539355095
6023 0.8028074890372099
6024 0.8028034492253211
6025 0.8027993406328188
6026 0.8027951695627314
6027 0.8027909423604748
6028 0.8027866653041197
6029 0.8027823446594076
6030 0.8027779867444726
6031 0.8027735979503565
6032 0.8027691847634514
6033 0.8027647536407566
6034 0.8027603109946204
6035 0.8027558632863728
6036 0.8027514170113286
6037 0.8027469785971999
6038 0.8027425543946988
6039 0.8027381507771515
6040 0.8027337740397196
6041 0.8027294304227904
6042 0.802725126027489
6043 0.802720866916928
6044 0.8027166590210137
6045 0.8027125081720469
6046 0.8027084203399907
6047 0.8027044014909038
6048 0.8027004574992611
6049 0.8026965940939759
6050 0.8026928168153933
6051 0.8026891310224563
6052 0.8026855418944868
6053 0.802682054424966
6054 0.8026786734203325
6055 0.8026754035593053
6056 0.8026722493208919
6057 0.8026692148956878
6058 0.8026663042169362
6059 0.8026635210102155
6060 0.8026608688586699
6061 0.8026583512810023
6062 0.8026559716025865
6063 0.8026537329377281
6064 0.8026516381261484
6065 0.8026496897443556
6066 0.8026478902611042
6067 0.8026462419652662
6068 0.8026447469006633
6069 0.8026434069092336
6070 0.8026422237242888
6071 0.8026411988248835
6072 0.8026403332936746
6073 0.8026396278801434
6074 0.80263908286694
6075 0.8026386985881939
6076 0.8026384752678227
6077 0.8026384129320039
6078 0.8026385112848827
6079 0.8026387698486883
6080 0.8026391879510583
6081 0.8026397646764077
6082 0.8026404988662444
6083 0.8026413891588378
6084 0.8026424337934785
6085 0.8026436305976321
6086 0.802644977084393
6087 0.8026464706208141
6088 0.802648108474126
6089 0.8026498878476952
6090 0.8026518058847986
6091 0.8026538595606681
6092 0.8026560456271863
6093 0.8026583606185455
6094 0.8026608007776628
6095 0.8026633620924566
6096 0.8026660403429892
6097 0.8026688311964237
6098 0.8026717302345667
6099 0.802674732936798
6100 0.8026778347441726
6101 0.8026810310720048
6102 0.8026843172496966
6103 0.8026876884951262
6104 0.8026911398830777
6105 0.8026946664118214
6106 0.8026982629059846
6107 0.8027019240602945
6108 0.8027056444065642
6109 0.8027094182784268
6110 0.8027132398496705
6111 0.8027171032159603
6112 0.8027210024502877
6113 0.8027249316768004
6114 0.8027288851026499
6115 0.8027328569980101
6116 0.8027368416625544
6117 0.8027408333992997
6118 0.8027448265025919
6119 0.8027488152551048
6120 0.8027527939317427
6121 0.8027567568008057
6122 0.8027606981388199
6123 0.8027646122466705
6124 0.8027684934646937
6125 0.8027723361876972
6126 0.8027761348792365
6127 0.8027798840851472
6128 0.8027835784484668
6129 0.8027872127192021
6130 0.802790781760538
6131 0.8027942805573425
6132 0.8027977042273819
6133 0.8028010480229599
6134 0.8028043072943555
6135 0.8028074775038843
6136 0.8028105542698741
6137 0.8028135333787546
6138 0.8028164108056461
6139 0.8028191827027513
6140 0.8028218453992814
6141 0.8028243953929834
6142 0.8028268293967874
6143 0.8028291442822645
6144 0.8028313370319436
6145 0.8028334047516744
6146 0.8028353446726053
6147 0.8028371541868455
6148 0.802838830849548
6149 0.802840372412871
6150 0.802841776838309
6151 0.8028430423463698
6152 0.8028441673899935
6153 0.802845150672575
6154 0.8028459911414171
6155 0.8028466879645021
6156 0.8028472405355594
6157 0.8028476484561974
6158 0.8028479115398905
6159 0.8028480297660832
6160 0.8028480033092589
6161 0.8028478325399916
6162 0.8028475180489979
6163 0.802847060666867
6164 0.8028464614071544
6165 0.8028457215084838
6166 0.8028448424856915
6167 0.8028438260378702
6168 0.8028426740215963
6169 0.8028413884681536
6170 0.8028399716284123
6171 0.8028384259843945
6172 0.8028367542123629
6173 0.8028349591760224
6174 0.8028330438991488
6175 0.8028310115562893
6176 0.8028288654699579
6177 0.8028266090926917
6178 0.8028242460218996
6179 0.8028217799713876
6180 0.8028192147881114
6181 0.8028165544468194
6182 0.8028138029949913
6183 0.8028109646151638
6184 0.8028080436134833
6185 0.8028050444979086
6186 0.8028019719228242
6187 0.802798830517666
6188 0.8027956249625083
6189 0.8027923599832453
6190 0.8027890403911303
6191 0.8027856711321252
6192 0.8027822572565713
6193 0.80277880387283
6194 0.8027753161377674
6195 0.8027717992336697
6196 0.8027682583341473
6197 0.8027646986709953
6198 0.8027611254260695
6199 0.8027575437115276
6200 0.8027539585858511
6201 0.8027503751178078
6202 0.8027467984226498
6203 0.8027432336557901
6204 0.8027396860098664
6205 0.8027361606998354
6206 0.8027326629077742
6207 0.8027291977431066
6208 0.802725770224997
6209 0.8027223852531363
6210 0.8027190476440715
6211 0.8027157621304188
6212 0.8027125333331305
6213 0.8027093657879785
6214 0.8027062638744198
6215 0.8027032318759567
6216 0.8027002739822748
6217 0.8026973942828159
6218 0.8026945967533812
6219 0.8026918852690337
6220 0.8026892634918996
6221 0.8026867349766827
6222 0.8026843031188847
6223 0.8026819711575731
6224 0.8026797422602258
6225 0.8026776194552427
6226 0.8026756055988788
6227 0.8026737034551047
6228 0.8026719156146258
6229 0.8026702444145746
6230 0.8026686919889704
6231 0.8026672602544155
6232 0.8026659509467994
6233 0.8026647656239597
6234 0.8026637056603545
6235 0.802662772244775
6236 0.8026619664455854
6237 0.8026612891953763
6238 0.8026607411913952
6239 0.8026603228610288
6240 0.802660034387184
6241 0.8026598757258808
6242 0.8026598467240617
6243 0.8026599470982781
6244 0.802660176408127
6245 0.8026605340638384
6246 0.8026610192854549
6247 0.8026616311435661
6248 0.8026623684854827
6249 0.8026632298798326
6250 0.8026642136258414
6251 0.8026653178140288
6252 0.8026665403549521
6253 0.8026678790493706
6254 0.8026693315756479
6255 0.8026708954735345
6256 0.8026725681928687
6257 0.8026743470406879
6258 0.8026762291452126
6259 0.8026782114766104
6260 0.8026802908464904
6261 0.8026824639458867
6262 0.8026847273234957
6263 0.8026870774082744
6264 0.8026895105234839
6265 0.8026920228850203
6266 0.8026946106530428
6267 0.8026972699350864
6268 0.8026999967922546
6269 0.8027027872085788
6270 0.8027056370898012
6271 0.8027085422632417
6272 0.8027114984542505
6273 0.8027145013008424
6274 0.8027175463708931
6275 0.8027206291684861
6276 0.8027237451707766
6277 0.8027268897951373
6278 0.8027300583857339
6279 0.8027332462404894
6280 0.8027364486284853
6281 0.8027396608074895
6282 0.802742878042967
6283 0.8027460956314088
6284 0.8027493089019361
6285 0.8027525132161973
6286 0.8027557039646184
6287 0.8027588765764404
6288 0.8027620265276526
6289 0.8027651493430771
6290 0.8027682405932105
6291 0.802771295890307
6292 0.8027743108925361
6293 0.8027772813121041
6294 0.8027802029275888
6295 0.8027830716004732
6296 0.8027858832889556
6297 0.8027886340518023
6298 0.8027913200488376
6299 0.8027939375901949
6300 0.802796483095472
6301 0.8027989530607252
6302 0.8028013440666213
6303 0.8028036528042307
6304 0.8028058760792083
6305 0.8028080108278942
6306 0.8028100541270945
6307 0.8028120032138231
6308 0.8028138554736916
6309 0.8028156084470657
6310 0.8028172598363217
6311 0.8028188075010226
6312 0.8028202494636236
6313 0.8028215839092174
6314 0.8028228091657756
6315 0.8028239237247261
6316 0.8028249262268663
6317 0.8028258154673887
6318 0.802826590399663
6319 0.8028272501457385
6320 0.80282779400405
6321 0.8028282214548933
6322 0.8028285321634862
6323 0.802828725960243
6324 0.8028288028534776
6325 0.802828763035935
6326 0.8028286068672364
6327 0.8028283349001447
6328 0.8028279478300892
6329 0.8028274465189339
6330 0.802826832044761
6331 0.8028261056788264
6332 0.8028252688605306
6333 0.8028243231222265
6334 0.802823270118411
6335 0.8028221116404685
6336 0.8028208496311056
6337 0.8028194862195336
6338 0.8028180237097
6339 0.802816464552852
6340 0.8028148113399112
6341 0.8028130667905601
6342 0.8028112337431322
6343 0.8028093151366469
6344 0.8028073140130934
6345 0.8028052335137328
6346 0.8028030768877238
6347 0.8028008474741438
6348 0.8027985486881462
6349 0.8027961839979842
6350 0.802793756938695
6351 0.8027912711325117
6352 0.8027887302875937
6353 0.8027861381950536
6354 0.8027834988309812
6355 0.8027808161901777
6356 0.8027780942930444
6357 0.802775337153369
6358 0.8027725488196104
6359 0.8027697334097924
6360 0.8027668950972654
6361 0.8027640380691144
6362 0.8027611665249369
6363 0.8027582846649147
6364 0.802755396684867
6365 0.8027525067774306
6366 0.802749619133583
6367 0.802746737940116
6368 0.8027438673782107
6369 0.8027410116032008
6370 0.8027381747330085
6371 0.8027353608385899
6372 0.8027325739339575
6373 0.8027298179554498
6374 0.8027270967869584
6375 0.8027244142528835
6376 0.8027217741187104
6377 0.8027191800908423
6378 0.8027166358128333
6379 0.8027141448586811
6380 0.8027117107231977
6381 0.8027093368112604
6382 0.8027070264284906
6383 0.8027047827736425
6384 0.8027026089350768
6385 0.802700507885017
6386 0.8026984824734988
6387 0.8026965354317215
6388 0.802694669368568
6389 0.8026928867815103
6390 0.8026911900622486
6391 0.802689581477871
6392 0.8026880631640944
6393 0.8026866371233137
6394 0.8026853052187932
6395 0.8026840691687842
6396 0.8026829305409253
6397 0.8026818908176111
6398 0.8026809513080305
6399 0.8026801131433535
6400 0.8026793772704909
6401 0.8026787444667403
6402 0.8026782153699474
6403 0.8026777904637364
6404 0.8026774701217034
6405 0.8026772545274165
6406 0.8026771437056206
6407 0.8026771375275273
6408 0.802677235718968
6409 0.8026774378470826
6410 0.8026777433447719
6411 0.8026781515721984
6412 0.8026786617699724
6413 0.8026792729064957
6414 0.8026799837439308
6415 0.8026807929252494
6416 0.8026816989819248
6417 0.8026827002899802
6418 0.8026837951233562
6419 0.8026849816009207
6420 0.802686257664158
6421 0.802687621130456
6422 0.8026890696995528
6423 0.8026906009883575
6424 0.8026922125251372
6425 0.8026939017442395
6426 0.8026956659763503
6427 0.8026975024511895
6428 0.802699408294856
6429 0.8027013805466866
6430 0.8027034161599533
6431 0.8027055120114723
6432 0.8027076648988223
6433 0.8027098715673331
6434 0.8027121287301934
6435 0.8027144330537349
6436 0.8027167811584655
6437 0.8027191696064185
6438 0.8027215948999454
6439 0.8027240534869604
6440 0.8027265417597931
6441 0.802729056066138
6442 0.8027315927140998
6443 0.8027341479804573
6444 0.8027367181159024
6445 0.8027392993567668
6446 0.8027418879285652
6447 0.8027444800532452
6448 0.8027470719567122
6449 0.8027496598761612
6450 0.8027522400661805
6451 0.8027548088000785
6452 0.8027573623769518
6453 0.8027598971314157
6454 0.8027624094387912
6455 0.8027648957179346
6456 0.8027673524322327
6457 0.8027697760959888
6458 0.8027721632777481
6459 0.8027745106024032
6460 0.8027768147551914
6461 0.8027790724868589
6462 0.8027812806221815
6463 0.8027834360700448
6464 0.8027855358208466
6465 0.802787576962445
6466 0.802789556681434
6467 0.8027914722700112
6468 0.8027933211241176
6469 0.802795100723013
6470 0.8027968086234949
6471 0.8027984424753802
6472 0.8028000000360929
6473 0.8028014791876958
6474 0.8028028779570457
6475 0.8028041945118476
6476 0.8028054271555178
6477 0.8028065743231932
6478 0.8028076345755427
6479 0.8028086066008271
6480 0.8028094892040814
6481 0.8028102813059877
6482 0.8028109819533491
6483 0.8028115903296815
6484 0.8028121057541258
6485 0.8028125276910398
6486 0.8028128557415902
6487 0.8028130896428851
6488 0.8028132292934137
6489 0.8028132747422653
6490 0.8028132261763941
6491 0.8028130839021512
6492 0.8028128483642896
6493 0.8028125201699414
6494 0.8028121000667736
6495 0.8028115889448751
6496 0.8028109878288584
6497 0.8028102978913189
6498 0.8028095204264226
6499 0.8028086568180096
6500 0.8028077085496346
6501 0.8028066772007215
6502 0.8028055644748056
6503 0.8028043722068802
6504 0.802803102366375
6505 0.8028017570492
6506 0.8028003384648652
6507 0.8027988489292128
6508 0.8027972908522983
6509 0.8027956667163209
6510 0.8027939790910164
6511 0.8027922306195002
6512 0.802790424014298
6513 0.8027885620520103
6514 0.8027866475839908
6515 0.8027846835190399
6516 0.8027826728151709
6517 0.8027806184538657
6518 0.802778523465268
6519 0.8027763909449955
6520 0.8027742240461821
6521 0.8027720259870045
6522 0.8027698000451423
6523 0.8027675495300456
6524 0.8027652778184086
6525 0.8027629882955255
6526 0.8027606843232428
6527 0.8027583692564899
6528 0.8027560464536612
6529 0.8027537193009009
6530 0.8027513912139921
6531 0.8027490656220714
6532 0.8027467459388123
6533 0.8027444355457994
6534 0.8027421377793958
6535 0.8027398559275811
6536 0.8027375932315232
6537 0.8027353528870581
6538 0.8027331380307693
6539 0.8027309517636091
6540 0.802728797143815
6541 0.8027266771859666
6542 0.8027245948598256
6543 0.8027225530889421
6544 0.8027205547358132
6545 0.8027186025973649
6546 0.8027166993949549
6547 0.8027148477815627
6548 0.80271305032266
6549 0.8027113094949417
6550 0.8027096276815852
6551 0.8027080071695907
6552 0.8027064501518497
6553 0.8027049587261347
6554 0.8027035348926377
6555 0.8027021805535064
6556 0.8027008975573144
6557 0.8026996876303286
6558 0.8026985523650454
6559 0.8026974932147435
6560 0.8026965115061031
6561 0.8026956084570548
6562 0.8026947851949614
6563 0.8026940427451863
6564 0.8026933820256184
6565 0.8026928038243296
6566 0.8026923088064603
6567 0.8026918975108334
6568 0.802691570309464
6569 0.8026913274372456
6570 0.8026911689952918
6571 0.802691094965855
6572 0.8026911052087469
6573 0.8026911994701199
6574 0.8026913774083786
6575 0.8026916386012162
6576 0.8026919824983879
6577 0.802692408351098
6578 0.8026929152549498
6579 0.8026935021936813
6580 0.8026941680881962
6581 0.8026949117859467
6582 0.8026957320398369
6583 0.802696627497327
6584 0.8026975966605945
6585 0.802698637900345
6586 0.8026997494679168
6587 0.8027009294769591
6588 0.8027021759178339
6589 0.8027034867053627
6590 0.8027048596952127
6591 0.8027062926862548
6592 0.8027077834108444
6593 0.8027093295313048
6594 0.8027109286379036
6595 0.8027125782454572
6596 0.8027142758001267
6597 0.8027160186888835
6598 0.8027178042538816
6599 0.8027196297985357
6600 0.8027214925937042
6601 0.8027233898986016
6602 0.8027253189540126
6603 0.8027272769716606
6604 0.8027292611256664
6605 0.8027312685503343
6606 0.802733296339085
6607 0.8027353415467721
6608 0.8027374011973426
6609 0.8027394722858159
6610 0.8027415517891586
6611 0.8027436366737322
6612 0.8027457239034892
6613 0.8027478104466332
6614 0.8027498932813949
6615 0.8027519694006564
6616 0.8027540358149586
6617 0.8027560895565889
6618 0.80275812768209
6619 0.8027601472744458
6620 0.8027621454477706
6621 0.8027641193498534
6622 0.8027660661639214
6623 0.8027679831140299
6624 0.8027698674706754
6625 0.8027717165570096
6626 0.8027735277550829
6627 0.8027752985149015
6628 0.8027770263579391
6629 0.8027787088795286
6630 0.8027803437479368
6631 0.8027819287044322
6632 0.8027834615682256
6633 0.8027849402375
6634 0.8027863627013823
6635 0.8027877270357427
6636 0.8027890314071037
6637 0.802790274073632
6638 0.8027914533731579
6639 0.8027925677202212
6640 0.8027936156152351
6641 0.8027945956599785
6642 0.802795506561879
6643 0.802796347144401
6644 0.8027971163413001
6645 0.8027978132069903
6646 0.8027984369135726
6647 0.8027989867444359
6648 0.8027994620938435
6649 0.802799862468503
6650 0.8028001874807404
6651 0.8028004368506279
6652 0.8028006104108968
6653 0.8028007081062575
6654 0.8028007299782066
6655 0.8028006761601152
6656 0.8028005469140286
6657 0.8028003426431081
6658 0.8028000638717607
6659 0.8027997112255091
6660 0.8027992854191842
6661 0.8027987872823777
6662 0.8027982177452868
6663 0.8027975778765462
6664 0.8027968688596835
6665 0.8027960919582667
6666 0.8027952484863802
6667 0.8027943398381336
6668 0.8027933674864781
6669 0.8027923330070843
6670 0.8027912380736687
6671 0.8027900844661119
6672 0.8027888740532607
6673 0.8027876087898718
6674 0.8027862907075421
6675 0.8027849218970566
6676 0.802783504512103
6677 0.802782040760421
6678 0.8027805329072552
6679 0.80277898326719
6680 0.802777394195751
6681 0.8027757680915126
6682 0.8027741073907217
6683 0.8027724145793558
6684 0.8027706921803748
6685 0.8027689427395388
6686 0.802767168791778
6687 0.8027653729022465
6688 0.8027635576768321
6689 0.8027617257683259
6690 0.8027598798781833
6691 0.8027580227515468
6692 0.8027561571661652
6693 0.8027542859178105
6694 0.8027524118046041
6695 0.8027505376136549
6696 0.8027486661078524
6697 0.8027468000191897
6698 0.8027449420427882
6699 0.8027430948351612
6700 0.8027412610147988
6701 0.8027394431718465
6702 0.8027376438532896
6703 0.802735865564675
6704 0.8027341107628466
6705 0.8027323818765755
6706 0.8027306813075722
6707 0.8027290114296087
6708 0.8027273745959689
6709 0.8027257731140424
6710 0.8027242092380108
6711 0.8027226851584764
6712 0.8027212029945455
6713 0.8027197647986456
6714 0.8027183725557017
6715 0.8027170281798631
6716 0.802715733511041
6717 0.8027144903110816
6718 0.8027133002603243
6719 0.8027121649534221
6720 0.802711085897004
6721 0.8027100645120617
6722 0.8027091021316928
6723 0.8027082000051532
6724 0.8027073593032926
6725 0.8027065811158939
6726 0.802705866442895
6727 0.8027052162096463
6728 0.8027046312259246
6729 0.8027041121930377
6730 0.8027036597180138
6731 0.8027032742899335
6732 0.8027029562993042
6733 0.8027027060296584
6734 0.8027025236537004
6735 0.8027024092477386
6736 0.802702362795273
6737 0.8027023841880582
6738 0.8027024732678448
6739 0.8027026297934866
6740 0.802702853346231
6741 0.802703143361259
6742 0.8027034991740529
6743 0.8027039200525777
6744 0.8027044051922686
6745 0.8027049537188414
6746 0.8027055647083083
6747 0.80270623715347
6748 0.8027069699743341
6749 0.8027077619910702
6750 0.8027086119181899
6751 0.8027095183506143
6752 0.8027104797691385
6753 0.8027114945487076
6754 0.8027125609835655
6755 0.8027136772905445
6756 0.8027148416276152
6757 0.8027160520933994
6758 0.8027173067417924
6759 0.8027186035931645
6760 0.8027199406238346
6761 0.8027213157675012
6762 0.8027227269155696
6763 0.802724171918346
6764 0.8027256485871929
6765 0.8027271547010699
6766 0.8027286880077776
6767 0.802730246229555
6768 0.8027318270822784
6769 0.8027334282772574
6770 0.8027350475126834
6771 0.8027366824706768
6772 0.8027383308092313
6773 0.802739990162452
6774 0.802741658142697
6775 0.8027433323440688
6776 0.8027450103471847
6777 0.8027466897248555
6778 0.8027483680490699
6779 0.8027500428987663
6780 0.8027517118619285
6781 0.8027533725425225
6782 0.8027550225633338
6783 0.8027566595678969
6784 0.8027582812235572
6785 0.8027598852222387
6786 0.8027614692823076
6787 0.8027630311502236
6788 0.8027645686031001
6789 0.8027660794506219
6790 0.8027675615373246
6791 0.8027690127524367
6792 0.8027704310312864
6793 0.8027718143629363
6794 0.8027731607961809
6795 0.8027744684459134
6796 0.8027757354978673
6797 0.802776960210534
6798 0.8027781409154507
6799 0.8027792760165644
6800 0.8027803639894957
6801 0.8027814033811173
6802 0.802782392806166
6803 0.8027833309540646
6804 0.8027842165923988
6805 0.8027850485612258
6806 0.8027858257733135
6807 0.8027865472181284
6808 0.8027872119469514
6809 0.8027878190798906
6810 0.8027883678254532
6811 0.8027888574864123
6812 0.8027892874738765
6813 0.8027896573027086
6814 0.8027899665891741
6815 0.8027902150500246
6816 0.8027904024965246
6817 0.8027905288187427
6818 0.8027905939915786
6819 0.802790598095989
6820 0.8027905413121957
6821 0.8027904239060312
6822 0.8027902462367692
6823 0.8027900087424998
6824 0.8027897119372995
6825 0.8027893564149835
6826 0.8027889428508009
6827 0.8027884720096141
6828 0.8027879447502801
6829 0.8027873620298697
6830 0.8027867248921611
6831 0.8027860344515644
6832 0.8027852918873548
6833 0.8027844984328855
6834 0.8027836553662607
6835 0.8027827640343363
6836 0.8027818258517495
6837 0.8027808423052074
6838 0.8027798149539118
6839 0.8027787454293521
6840 0.8027776354224052
6841 0.8027764866817376
6842 0.8027753010047648
6843 0.8027740802372849
6844 0.802772826264035
6845 0.8027715410027984
6846 0.8027702264024402
6847 0.802768884437067
6848 0.8027675170821043
6849 0.802766126336065
6850 0.8027647142303449
6851 0.8027632828348968
6852 0.8027618342600241
6853 0.8027603706615014
6854 0.8027588942249564
6855 0.8027574071383221
6856 0.802755911609214
6857 0.8027544098562577
6858 0.8027529041007773
6859 0.8027513965588657
6860 0.8027498894390265
6861 0.8027483849376452
6862 0.8027468852341472
6863 0.8027453924861871
6864 0.8027439088270402
6865 0.8027424363639901
6866 0.8027409771769239
6867 0.8027395333173609
6868 0.8027381068078627
6869 0.8027366996417443
6870 0.802735313781488
6871 0.8027339511583477
6872 0.8027326136692995
6873 0.8027313031747532
6874 0.8027300214922092
6875 0.8027287704031455
6876 0.8027275516476833
6877 0.8027263669213558
6878 0.8027252178692875
6879 0.8027241060822997
6880 0.8027230330933247
6881 0.802722000374242
6882 0.8027210093325928
6883 0.8027200613086461
6884 0.8027191575774122
6885 0.8027182993458487
6886 0.8027174877585387
6887 0.8027167238946629
6888 0.802716008757859
6889 0.8027153432639088
6890 0.8027147282491357
6891 0.8027141644757331
6892 0.802713652643704
6893 0.8027131933682258
6894 0.8027127871895856
6895 0.8027124345734338
6896 0.8027121359096415
6897 0.8027118915109503
6898 0.802711701607781
6899 0.8027115663532031
6900 0.8027114858218073
6901 0.8027114600367461
6902 0.8027114889526396
6903 0.8027115723894472
6904 0.8027117100361777
6905 0.8027119014987263
6906 0.8027121463262213
6907 0.8027124440195117
6908 0.8027127940157149
6909 0.8027131956799274
6910 0.8027136482915412
6911 0.8027141510507948
6912 0.8027147030868738
6913 0.802715303476602
6914 0.802715951238072
6915 0.8027166453238679
6916 0.8027173846186563
6917 0.8027181679279768
6918 0.8027189939963827
6919 0.8027198614680974
6920 0.8027207689004296
6921 0.8027217147941893
6922 0.8027226975947406
6923 0.8027237157214235
6924 0.8027247675501064
6925 0.802725851421295
6926 0.8027269656391647
6927 0.8027281084747393
6928 0.8027292781639042
6929 0.8027304729087819
6930 0.8027316908845221
6931 0.8027329302463674
6932 0.8027341891350482
6933 0.8027354656805575
6934 0.8027367580011578
6935 0.8027380642047851
6936 0.8027393824000997
6937 0.8027407106972306
6938 0.8027420472020002
6939 0.80274339001355
6940 0.8027447372211242
6941 0.8027460869087344
6942 0.8027474371571222
6943 0.8027487860464122
6944 0.8027501316579886
6945 0.8027514720767864
6946 0.8027528053932177
6947 0.8027541297062424
6948 0.8027554431274152
6949 0.8027567437848425
6950 0.8027580298263687
6951 0.8027592994214392
6952 0.8027605507633871
6953 0.8027617820722578
6954 0.8027629915974459
6955 0.8027641776203618
6956 0.8027653384575826
6957 0.8027664724644676
6958 0.8027675780389134
6959 0.8027686536250227
6960 0.8027696977164889
6961 0.8027707088595335
6962 0.8027716856551631
6963 0.8027726267614345
6964 0.8027735308912263
6965 0.8027743968189743
6966 0.8027752233833363
6967 0.8027760094863052
6968 0.8027767540917228
6969 0.8027774562204593
6970 0.8027781149524333
6971 0.8027787294269658
6972 0.8027792988433119
6973 0.802779822462557
6974 0.8027802996161509
6975 0.8027807297102191
6976 0.8027811122186125
6977 0.8027814466868567
6978 0.8027817327188248
6979 0.802781969970778
6980 0.8027821581762405
6981 0.8027822971584484
6982 0.8027823868303551
6983 0.8027824272009114
6984 0.8027824183644124
6985 0.8027823604985633
6986 0.8027822538542593
6987 0.8027820987676439
6988 0.8027818956385727
6989 0.8027816449296162
6990 0.8027813471635004
6991 0.8027810029269374
6992 0.8027806128619442
6993 0.802780177676816
6994 0.80277969814726
6995 0.8027791751163339
6996 0.8027786094886464
6997 0.8027780022157797
6998 0.8027773543021243
6999 0.8027766668038137
7000 0.802775940824107
7001 0.8027751775290397
7002 0.802774378144
7003 0.8027735439363561
7004 0.802772676210487
7005 0.8027717763082954
7006 0.8027708456146748
7007 0.8027698855603453
7008 0.8027688976175323
7009 0.8027678832841705
7010 0.8027668440901897
7011 0.8027657815985909
7012 0.8027646974065296
7013 0.8027635931435543
7014 0.8027624704686006
7015 0.8027613310678581
7016 0.802760176650253
7017 0.8027590089418266
7018 0.8027578296828543
7019 0.8027566406248295
7020 0.8027554435279171
7021 0.8027542401588019
7022 0.8027530322877164
7023 0.8027518216850166
7024 0.8027506101165132
7025 0.8027493993396446
7026 0.8027481910967561
7027 0.8027469871222929
7028 0.802745789138277
7029 0.8027445988511419
7030 0.8027434179494273
7031 0.8027422481012106
7032 0.8027410909528702
7033 0.8027399481270286
7034 0.8027388212209247
7035 0.8027377118051644
7036 0.8027366214227442
7037 0.8027355515882487
7038 0.8027345037874228
7039 0.8027334794756856
7040 0.8027324800754347
7041 0.8027315069776713
7042 0.8027305615371212
7043 0.8027296450682024
7044 0.8027287588422819
7045 0.8027279040838323
7046 0.8027270819673965
7047 0.8027262936139453
7048 0.8027255400846948
7049 0.802724822383189
7050 0.8027241414577229
7051 0.802723498201981
7052 0.8027228934551611
7053 0.8027223280069393
7054 0.8027218025784315
7055 0.8027213178360575
7056 0.8027208743926012
7057 0.8027204728015884
7058 0.8027201135553399
7059 0.8027197970841351
7060 0.8027195237556258
7061 0.802719293875729
7062 0.802719107680681
7063 0.802718965358069
7064 0.8027188670550625
7065 0.8027188128433211
7066 0.802718802689389
7067 0.8027188364749333
7068 0.8027189140120127
7069 0.8027190350672259
7070 0.802719199353793
7071 0.8027194065289629
7072 0.8027196561870277
7073 0.8027199478559998
7074 0.8027202809974581
7075 0.8027206550085202
7076 0.8027210692184126
7077 0.8027215229033512
7078 0.8027220152784026
7079 0.8027225455058276
7080 0.8027231127176888
7081 0.8027237159999652
7082 0.8027243543846078
7083 0.8027250268513847
7084 0.8027257323380032
7085 0.8027264697439859
7086 0.8027272379012856
7087 0.8027280355917659
7088 0.8027288615418462
7089 0.8027297144179426
7090 0.8027305928456565
7091 0.8027314954245361
7092 0.8027324207363515
7093 0.8027333673420628
7094 0.8027343337844486
7095 0.8027353185881305
7096 0.8027363202576197
7097 0.8027373372755197
7098 0.8027383681090663
7099 0.80273941121171
7100 0.802740465027485
7101 0.8027415279960619
7102 0.8027425985559913
7103 0.8027436751472143
7104 0.8027447562108714
7105 0.8027458401998584
7106 0.802746925580914
7107 0.8027480108285613
7108 0.8027490944213288
7109 0.8027501748411263
7110 0.8027512505737527
7111 0.8027523201102041
7112 0.8027533819485192
7113 0.802754434595859
7114 0.8027554765706217
7115 0.8027565064045313
7116 0.8027575226446689
7117 0.8027585238555027
7118 0.802759508620972
7119 0.8027604755467114
7120 0.802761423262479
7121 0.802762350424688
7122 0.8027632557193105
7123 0.8027641378649553
7124 0.8027649956156057
7125 0.8027658277615934
7126 0.8027666331346858
7127 0.8027674106160554
7128 0.8027681591361626
7129 0.8027688776755934
7130 0.8027695652625257
7131 0.8027702209719076
7132 0.8027708439229627
7133 0.802771433280286
7134 0.8027719882571173
7135 0.8027725081156988
7136 0.8027729921719183
7137 0.8027734397980527
7138 0.8027738504212956
7139 0.802774223520866
7140 0.8027745586302405
7141 0.8027748553437688
7142 0.8027751133156793
7143 0.80277533225758
7144 0.8027755119362029
7145 0.8027756521756695
7146 0.8027757528675888
7147 0.8027758139712081
7148 0.8027758354976144
7149 0.8027758175140927
7150 0.8027757601463557
7151 0.8027756635867561
7152 0.8027755281000164
7153 0.8027753540146877
7154 0.802775141723564
7155 0.8027748916821213
7156 0.8027746044037617
7157 0.8027742804554789
7158 0.8027739204440115
7159 0.8027735250293849
7160 0.8027730949110773
7161 0.8027726308367246
7162 0.8027721335949909
7163 0.8027716040037424
7164 0.8027710429217401
7165 0.8027704512467311
7166 0.8027698299148204
7167 0.8027691799002827
7168 0.8027685022241713
7169 0.8027677979379705
7170 0.8027670681233529
7171 0.8027663138963909
7172 0.8027655364063239
7173 0.8027647368266121
7174 0.8027639163602159
7175 0.8027630762396835
7176 0.8027622177365356
7177 0.8027613421577341
7178 0.802760450843586
7179 0.8027595451561237
7180 0.8027586264717608
7181 0.8027576961751561
7182 0.8027567556548765
7183 0.8027558063043115
7184 0.802754849520278
7185 0.8027538867020482
7186 0.8027529192518492
7187 0.8027519485738481
7188 0.8027509760738076
7189 0.8027500031589115
7190 0.8027490312341746
7191 0.8027480617017417
7192 0.8027470959594736
7193 0.8027461353984331
7194 0.8027451813992247
7195 0.8027442353276334
7196 0.8027432985303371
7197 0.8027423723316398
7198 0.8027414580320563
7199 0.802740556907193
7200 0.8027396702070529
7201 0.802738799155109
7202 0.8027379449477622
7203 0.8027371087558181
7204 0.8027362917248825
7205 0.8027354949762443
7206 0.8027347196064704
7207 0.8027339666857619
7208 0.8027332372555227
7209 0.8027325323255894
7210 0.8027318528713204
7211 0.8027311998339067
7212 0.802730574112973
7213 0.8027299765574769
7214 0.8027294079717858
7215 0.8027288691147696
7216 0.8027283606986665
7217 0.8027278833886101
7218 0.8027274378044293
7219 0.8027270245164297
7220 0.802726644046401
7221 0.8027262968676816
7222 0.8027259834051915
7223 0.8027257040359512
7224 0.8027254590892945
7225 0.8027252488611035
7226 0.802725073607777
7227 0.8027249335191227
7228 0.8027248287099066
7229 0.8027247592370962
7230 0.8027247251134024
7231 0.8027247263107116
7232 0.8027247627573058
7233 0.8027248343355886
7234 0.8027249408706729
7235 0.8027250821304824
7236 0.8027252578265285
7237 0.8027254676161927
7238 0.802725711105539
7239 0.8027259878483194
7240 0.8027262973468781
7241 0.8027266390529145
7242 0.8027270123626683
7243 0.8027274166299896
7244 0.8027278511597954
7245 0.8027283152172563
7246 0.8027288080266952
7247 0.8027293287807593
7248 0.8027298766414533
7249 0.8027304507403534
7250 0.8027310501663386
7251 0.8027316739775836
7252 0.8027323212123202
7253 0.8027329908757975
7254 0.8027336819423032
7255 0.8027343933584263
7256 0.8027351240306685
7257 0.8027358728298442
7258 0.8027366385819127
7259 0.8027374200864213
7260 0.8027382161122689
7261 0.8027390254210366
7262 0.8027398467705903
7263 0.8027406789137702
7264 0.8027415205980947
7265 0.8027423705663645
7266 0.8027432275551371
7267 0.8027440902947751
7268 0.8027449575104376
7269 0.8027458279243879
7270 0.8027467002600907
7271 0.8027475732460525
7272 0.8027484456186327
7273 0.8027493161274757
7274 0.8027501835374797
7275 0.8027510466272898
7276 0.8027519041919944
7277 0.8027527550452468
7278 0.8027535980168561
7279 0.8027544319494166
7280 0.8027552556964145
7281 0.8027560681224446
7282 0.8027568681028993
7283 0.8027576545249853
7284 0.8027584262875834
7285 0.8027591823060998
7286 0.8027599215149611
7287 0.8027606428709242
7288 0.8027613453569514
7289 0.8027620279845478
7290 0.8027626897962973
7291 0.8027633298674274
7292 0.8027639473036108
7293 0.802764541243985
7294 0.8027651108613939
7295 0.8027656553650125
7296 0.8027661740048668
7297 0.8027666660683058
7298 0.8027671308869159
7299 0.8027675678415841
7300 0.8027679763618176
7301 0.8027683559226984
7302 0.8027687060423911
7303 0.8027690262806824
7304 0.8027693162386037
7305 0.8027695755591243
7306 0.8027698039291497
7307 0.8027700010775188
7308 0.8027701667816068
7309 0.8027703008715934
7310 0.8027704032317964
7311 0.8027704737993709
7312 0.8027705125603048
7313 0.8027705195493817
7314 0.8027704948479405
7315 0.8027704385845041
7316 0.8027703509469857
7317 0.8027702321680734
7318 0.8027700825253805
7319 0.8027699023418705
7320 0.8027696919861134
7321 0.8027694518718488
7322 0.8027691824566707
7323 0.8027688842339327
7324 0.8027685577404194
7325 0.802768203546715
7326 0.8027678222638903
7327 0.8027674145406769
7328 0.8027669810593132
7329 0.8027665225279631
7330 0.8027660396857325
7331 0.8027655333025151
7332 0.8027650041793956
7333 0.8027644531436766
7334 0.8027638810547694
7335 0.8027632888021388
7336 0.8027626773019326
7337 0.8027620474935283
7338 0.8027614003367279
7339 0.8027607368112462
7340 0.8027600579157361
7341 0.8027593646719487
7342 0.8027586581193035
7343 0.8027579393080568
7344 0.8027572093017618
7345 0.8027564691803722
7346 0.8027557200424821
7347 0.8027549630032096
7348 0.8027541991898089
7349 0.8027534297368576
7350 0.8027526557821941
7351 0.8027518784640716
7352 0.8027510989194373
7353 0.8027503182831813
7354 0.8027495376869918
7355 0.8027487582581864
7356 0.8027479811191146
7357 0.8027472073860049
7358 0.8027464381676866
7359 0.8027456745639396
7360 0.8027449176634728
7361 0.8027441685416915
7362 0.8027434282584476
7363 0.8027426978561167
7364 0.8027419783574545
7365 0.8027412707641466
7366 0.802740576055751
7367 0.8027398951889761
7368 0.8027392290972433
7369 0.8027385786904409
7370 0.8027379448548697
7371 0.8027373284530895
7372 0.8027367303234964
7373 0.8027361512799132
7374 0.8027355921106373
7375 0.8027350535768361
7376 0.8027345364116909
7377 0.8027340413185228
7378 0.8027335689696015
7379 0.802733120004779
7380 0.8027326950283487
7381 0.8027322946077332
7382 0.8027319192717296
7383 0.8027315695097258
7384 0.8027312457717022
7385 0.8027309484716907
7386 0.8027306779989087
7387 0.8027304347044687
7388 0.8027302188778839
7389 0.8027300307511048
7390 0.8027298705185207
7391 0.802729738344795
7392 0.8027296343664921
7393 0.80272955868749
7394 0.8027295113735026
7395 0.8027294924445754
7396 0.8027295018775589
7397 0.8027295396067519
7398 0.8027296055237469
7399 0.8027296994758815
7400 0.8027298212675613
7401 0.8027299706593509
7402 0.8027301473691381
7403 0.8027303510729034
7404 0.8027305814033412
7405 0.8027308379497546
7406 0.8027311202612528
7407 0.8027314278412723
7408 0.8027317601529433
7409 0.8027321166254153
7410 0.8027324966534365
7411 0.8027328995992241
7412 0.8027333247938411
7413 0.8027337715394104
7414 0.8027342391105751
7415 0.8027347267626499
7416 0.8027352337271082
7417 0.8027357592093757
7418 0.8027363023909407
7419 0.802736862437702
7420 0.8027374384961746
7421 0.8027380296937013
7422 0.8027386351387424
7423 0.8027392539244733
7424 0.8027398851261497
7425 0.8027405277965546
7426 0.8027411809684286
7427 0.8027418436540549
7428 0.8027425148484405
7429 0.8027431935293589
7430 0.8027438786644685
7431 0.8027445692133101
7432 0.8027452641302161
7433 0.8027459623707645
7434 0.802746662893999
7435 0.8027473646625868
7436 0.8027480666450748
7437 0.8027487678146663
7438 0.8027494671519385
7439 0.802750163645495
7440 0.8027508562933161
7441 0.8027515441045547
7442 0.8027522261016162
7443 0.8027529013218494
7444 0.8027535688186744
7445 0.8027542276627411
7446 0.802754876943208
7447 0.8027555157676604
7448 0.8027561432618435
7449 0.8027567585688618
7450 0.8027573608484051
7451 0.802757949276216
7452 0.8027585230432523
7453 0.8027590813552555
7454 0.8027596234343852
7455 0.8027601485204588
7456 0.8027606558747645
7457 0.8027611447808463
7458 0.8027616145526034
7459 0.8027620645350669
7460 0.8027624941070165
7461 0.8027629026825939
7462 0.802763289711801
7463 0.8027636546801344
7464 0.8027639971078208
7465 0.8027643165490195
7466 0.8027646125912398
7467 0.8027648848552111
7468 0.8027651329955463
7469 0.8027653566989393
7470 0.8027655556891928
7471 0.8027657297288305
7472 0.8027658786187123
7473 0.8027660022010532
7474 0.8027661003593884
7475 0.8027661730160314
7476 0.8027662201329117
7477 0.802766241711517
7478 0.8027662377928491
7479 0.8027662084567465
7480 0.8027661538330009
7481 0.8027660740881245
7482 0.8027659694254622
7483 0.8027658400854822
7484 0.8027656863460165
7485 0.8027655085220922
7486 0.8027653069651068
7487 0.8027650820597552
7488 0.8027648342181373
7489 0.8027645638868373
7490 0.8027642715432988
7491 0.8027639576894079
7492 0.8027636228575156
7493 0.8027632676070589
7494 0.8027628925184696
7495 0.8027624981924046
7496 0.8027620852521167
7497 0.8027616543433117
7498 0.802761206136325
7499 0.8027607413264035
7500 0.8027602606276077
7501 0.8027597647786598
7502 0.8027592545389332
7503 0.8027587306869832
7504 0.8027581940175016
7505 0.8027576453394342
7506 0.8027570854751803
7507 0.8027565152603267
7508 0.8027559355429171
7509 0.8027553471830106
7510 0.8027547510496625
7511 0.8027541480218434
7512 0.8027535389905138
7513 0.8027529248544146
7514 0.8027523065151499
7515 0.8027516848771388
7516 0.8027510608488495
7517 0.8027504353431006
7518 0.8027498092757247
7519 0.8027491835628887
7520 0.8027485591180925
7521 0.8027479368488728
7522 0.8027473176548215
7523 0.8027467024260738
7524 0.8027460920421482
7525 0.8027454873709694
7526 0.8027448892680693
7527 0.8027442985751797
7528 0.8027437161193756
7529 0.8027431427121398
7530 0.8027425791483997
7531 0.802742026205752
7532 0.8027414846437674
7533 0.8027409552032088
7534 0.8027404386051568
7535 0.8027399355501715
7536 0.8027394467187251
7537 0.8027389727710417
7538 0.8027385143458984
7539 0.802738072059534
7540 0.8027376465045031
7541 0.8027372382494484
7542 0.8027368478392838
7543 0.8027364757955044
7544 0.8027361226258858
7545 0.802735788818026
7546 0.8027354748188089
7547 0.8027351810365601
7548 0.8027349078489244
7549 0.8027346556081068
7550 0.8027344246410716
7551 0.8027342152460627
7552 0.8027340276872048
7553 0.802733862195836
7554 0.8027337189691892
7555 0.8027335981710392
7556 0.8027334999322079
7557 0.8027334243486107
7558 0.8027333714827153
7559 0.8027333413677108
7560 0.8027333340067343
7561 0.802733349372562
7562 0.802733387405555
7563 0.8027334480117504
7564 0.8027335310612445
7565 0.8027336363901515
7566 0.8027337637985225
7567 0.8027339130537807
7568 0.802734083889929
7569 0.8027342760068538
7570 0.8027344890704126
7571 0.8027347227140457
7572 0.8027349765354101
7573 0.8027352500950171
7574 0.8027355429256916
7575 0.8027358545293101
7576 0.8027361843872292
7577 0.8027365319522017
7578 0.8027368966487364
7579 0.8027372778789719
7580 0.8027376750234897
7581 0.8027380874428517
7582 0.8027385144800405
7583 0.8027389554646497
7584 0.8027394097134611
7585 0.8027398765273136
7586 0.802740355190541
7587 0.8027408449725275
7588 0.8027413451309909
7589 0.8027418549136737
7590 0.8027423735571242
7591 0.8027429002909066
7592 0.8027434343334929
7593 0.8027439748947394
7594 0.8027445211786624
7595 0.8027450723825031
7596 0.8027456276958819
7597 0.802746186301003
7598 0.8027467473733587
7599 0.8027473100825913
7600 0.8027478735944273
7601 0.8027484370745912
7602 0.8027489996905208
7603 0.8027495606148293
7604 0.8027501190268443
7605 0.8027506741136888
7606 0.8027512250713941
7607 0.802751771106166
7608 0.8027523114356648
7609 0.8027528452901548
7610 0.802753371913478
7611 0.8027538905638273
7612 0.8027544005143779
7613 0.802754901053767
7614 0.8027553914859745
7615 0.8027558711304118
7616 0.8027563393219346
7617 0.8027567954112467
7618 0.8027572387658963
7619 0.8027576687702812
7620 0.802758084827314
7621 0.8027584863600193
7622 0.8027588728130036
7623 0.8027592436536707
7624 0.8027595983733244
7625 0.8027599364881338
7626 0.802760257540004
7627 0.8027605610975097
7628 0.8027608467564582
7629 0.8027611141398444
7630 0.8027613629005182
7631 0.8027615927213052
7632 0.8027618033142767
7633 0.8027619944206785
7634 0.8027621658104616
7635 0.802762317283784
7636 0.802762448670704
7637 0.8027625598311686
7638 0.8027626506546843
7639 0.8027627210601285
7640 0.802762770995854
7641 0.8027628004392817
7642 0.8027628094034873
7643 0.8027627979339357
7644 0.8027627661076501
7645 0.8027627140336588
7646 0.8027626418536008
7647 0.80276254974195
7648 0.8027624379057275
7649 0.8027623065836719
7650 0.8027621560437103
7651 0.8027619865795343
7652 0.8027617985088791
7653 0.8027615921773891
7654 0.8027613679566241
7655 0.8027611262416515
7656 0.8027608674499027
7657 0.802760592023538
7658 0.8027603004249455
7659 0.8027599931304187
7660 0.8027596706336411
7661 0.8027593334435459
7662 0.8027589820860811
7663 0.8027586171053928
7664 0.8027582390648131
7665 0.8027578485461332
7666 0.8027574461467836
7667 0.8027570324774138
7668 0.8027566081646489
7669 0.8027561738478135
7670 0.8027557301794814
7671 0.8027552778233847
7672 0.8027548174532952
7673 0.8027543497524186
7674 0.8027538754128354
7675 0.8027533951350883
7676 0.802752909627376
7677 0.8027524196045416
7678 0.8027519257869113
7679 0.8027514288981047
7680 0.8027509296645207
7681 0.8027504288151662
7682 0.8027499270805871
7683 0.802749425192209
7684 0.8027489238804584
7685 0.8027484238733092
7686 0.8027479258950091
7687 0.8027474306650207
7688 0.802746938896117
7689 0.8027464512934321
7690 0.8027459685534227
7691 0.8027454913623909
7692 0.8027450203955088
7693 0.8027445563155683
7694 0.8027440997718545
7695 0.8027436513991714
7696 0.8027432118170381
7697 0.802742781629022
7698 0.8027423614221794
7699 0.8027419517665723
7700 0.8027415532148533
7701 0.8027411663019172
7702 0.8027407915446274
7703 0.802740429441645
7704 0.8027400804732664
7705 0.8027397451012958
7706 0.8027394237689992
7707 0.8027391169009257
7708 0.8027388249026404
7709 0.8027385481603283
7710 0.8027382870402415
7711 0.8027380418878833
7712 0.8027378130272301
7713 0.8027376007594997
7714 0.8027374053602597
7715 0.802737227082314
7716 0.8027370661538804
7717 0.8027369227765399
7718 0.8027367971274023
7719 0.8027366893564711
7720 0.8027365995866697
7721 0.8027365279163429
7722 0.8027364744183039
7723 0.80273643913958
7724 0.8027364221001979
7725 0.8027364232931041
7726 0.8027364426845226
7727 0.8027364802134594
7728 0.802736535792131
7729 0.8027366093076052
7730 0.8027367006201558
7731 0.8027368095636477
7732 0.8027369359474957
7733 0.8027370795543934
7734 0.8027372401394963
7735 0.8027374174305096
7736 0.8027376111293464
7737 0.8027378209090733
7738 0.8027380464155545
7739 0.8027382872659217
7740 0.8027385430561951
7741 0.8027388133610267
7742 0.8027390977348511
7743 0.802739395711383
7744 0.8027397068039891
7745 0.8027400305039042
7746 0.8027403662840811
7747 0.8027407136022922
7748 0.8027410719032377
7749 0.802741440620233
7750 0.8027418191758677
7751 0.8027422069831348
7752 0.8027426034464222
7753 0.8027430079626577
7754 0.8027434199216037
7755 0.802743838704566
7756 0.8027442636843909
7757 0.802744694226822
7758 0.8027451296920528
7759 0.8027455694363376
7760 0.8027460128130905
7761 0.8027464591727219
7762 0.8027469078618542
7763 0.8027473582237492
7764 0.8027478095992397
7765 0.8027482613288058
7766 0.802748712753386
7767 0.8027491632163039
7768 0.8027496120633242
7769 0.802750058644922
7770 0.8027505023171458
7771 0.8027509424426215
7772 0.8027513783915786
7773 0.8027518095427374
7774 0.8027522352841681
7775 0.8027526550142258
7776 0.8027530681423437
7777 0.8027534740896285
7778 0.802753872289252
7779 0.8027542621866599
7780 0.8027546432396484
7781 0.8027550149183916
7782 0.8027553767055186
7783 0.8027557280964217
7784 0.8027560685996995
7785 0.8027563977374781
7786 0.8027567150469724
7787 0.8027570200822954
7788 0.8027573124154419
7789 0.8027575916377186
7790 0.802757857361085
7791 0.8027581092195616
7792 0.8027583468710827
7793 0.8027585699977124
7794 0.8027587783062339
7795 0.8027589715298213
7796 0.8027591494278086
7797 0.8027593117844833
7798 0.8027594584076532
7799 0.802759589128032
7800 0.8027597037992511
7801 0.8027598022973654
7802 0.8027598845239643
7803 0.802759950401651
7804 0.8027599998760898
7805 0.8027600329187748
7806 0.802760049526782
7807 0.8027600497232807
7808 0.8027600335574822
7809 0.8027600011045747
7810 0.8027599524641514
7811 0.8027598877603372
7812 0.8027598071409795
7813 0.802759710778019
7814 0.8027595988637172
7815 0.8027594716168847
7816 0.8027593292793935
7817 0.8027591721173243
7818 0.8027590004194731
7819 0.8027588144950172
7820 0.8027586146742154
7821 0.8027584013072716
7822 0.8027581747592673
7823 0.8027579354065507
7824 0.8027576836366793
7825 0.8027574198496618
7826 0.8027571444602276
7827 0.8027568578986167
7828 0.8027565606109763
7829 0.8027562530586885
7830 0.8027559357163161
7831 0.8027556090705475
7832 0.8027552736188421
7833 0.8027549298671541
7834 0.8027545783303278
7835 0.8027542195329792
7836 0.8027538540083672
7837 0.8027534822982624
7838 0.8027531049517349
7839 0.8027527225248531
7840 0.8027523355801217
7841 0.8027519446859523
7842 0.8027515504160347
7843 0.8027511533485674
7844 0.802750754065349
7845 0.8027503531507786
7846 0.8027499511908166
7847 0.8027495487720215
7848 0.8027491464804674
7849 0.80274874490074
7850 0.8027483446151306
7851 0.8027479462024792
7852 0.8027475502371328
7853 0.8027471572887779
7854 0.8027467679212982
7855 0.8027463826920449
7856 0.8027460021506624
7857 0.8027456268378729
7858 0.8027452572844463
7859 0.8027448940103187
7860 0.8027445375234508
7861 0.8027441883191957
7862 0.8027438468797089
7863 0.8027435136733583
7864 0.8027431891541552
7865 0.8027428737612304
7866 0.8027425679183827
7867 0.8027422720337267
7868 0.8027419864994395
7869 0.8027417116915654
7870 0.8027414479698557
7871 0.8027411956778435
7872 0.8027409551427337
7873 0.8027407266746044
7874 0.8027405105676435
7875 0.802740307097794
7876 0.8027401165258092
7877 0.8027399390963351
7878 0.8027397750373111
7879 0.8027396245596341
7880 0.8027394878561653
7881 0.8027393650989292
7882 0.8027392564417475
7883 0.802739162018973
7884 0.8027390819453057
7885 0.8027390163146563
7886 0.8027389651994412
7887 0.8027389286503599
7888 0.8027389066964813
7889 0.8027388993454497
7890 0.8027389065836719
7891 0.8027389283749742
7892 0.802738964662537
7893 0.8027390153684294
7894 0.8027390803934384
7895 0.8027391596177864
7896 0.8027392529009695
7897 0.8027393600832939
7898 0.8027394809838083
7899 0.8027396154000827
7900 0.8027397631088299
7901 0.8027399238657047
7902 0.8027400974043694
7903 0.8027402834381604
7904 0.8027404816601569
7905 0.802740691742169
7906 0.80274091333886
7907 0.8027411460890531
7908 0.8027413896158268
7909 0.8027416435246372
7910 0.802741907404383
7911 0.8027421808279633
7912 0.8027424633555265
7913 0.8027427545317013
7914 0.8027430538883082
7915 0.8027433609482282
7916 0.8027436752270718
7917 0.8027439962342074
7918 0.802744323473494
7919 0.8027446564438059
7920 0.8027449946393962
7921 0.802745337550179
7922 0.8027456846625197
7923 0.8027460354598708
7924 0.8027463894229844
7925 0.8027467460302902
7926 0.802747104758424
7927 0.8027474650832942
7928 0.802747826480628
7929 0.8027481884257595
7930 0.8027485503936654
7931 0.8027489118598601
7932 0.8027492723015529
7933 0.8027496311983823
7934 0.8027499880322346
7935 0.8027503422881943
7936 0.8027506934563529
7937 0.8027510410326295
7938 0.802751384519939
7939 0.8027517234295132
7940 0.8027520572819232
7941 0.8027523856078945
7942 0.8027527079489097
7943 0.8027530238575836
7944 0.8027533328978397
7945 0.8027536346449158
7946 0.8027539286852475
7947 0.8027542146163571
7948 0.8027544920466427
7949 0.8027547605957277
7950 0.8027550198946349
7951 0.8027552695855635
7952 0.8027555093221355
7953 0.8027557387703781
7954 0.8027559576100785
7955 0.8027561655362531
7956 0.802756362260608
7957 0.8027565475128449
7958 0.8027567210415248
7959 0.8027568826151698
7960 0.8027570320231566
7961 0.802757169074527
7962 0.8027572936006602
7963 0.8027574054513655
7964 0.8027575044962936
7965 0.8027575906250669
7966 0.802757663746926
7967 0.802757723790862
7968 0.8027577707046244
7969 0.8027578044551184
7970 0.8027578250283935
7971 0.802757832429795
7972 0.8027578266843401
7973 0.8027578078370301
7974 0.8027577759531075
7975 0.8027577311180482
7976 0.8027576734352566
7977 0.8027576030309471
7978 0.8027575200509295
7979 0.8027574246609497
7980 0.8027573170468906
7981 0.802757197414141
7982 0.8027570659858592
7983 0.8027569230052575
7984 0.8027567687313323
7985 0.8027566034343298
7986 0.8027564273983606
7987 0.8027562409182801
7988 0.8027560443007394
7989 0.8027558378654346
7990 0.8027556219448453
7991 0.802755396884959
7992 0.802755163043344
7993 0.8027549207873588
7994 0.8027546704939976
7995 0.8027544125495945
7996 0.8027541473490215
7997 0.8027538752951445
7998 0.8027535967981265
7999 0.8027533122752373
8000 0.8027530221504064
8001 0.8027527268538321
8002 0.8027524268200374
8003 0.8027521224904229
8004 0.8027518143116893
8005 0.8027515027359226
8006 0.8027511882197568
8007 0.8027508712235487
8008 0.8027505522107378
8009 0.8027502316472491
8010 0.8027499100008934
8011 0.8027495877406952
8012 0.8027492653362061
8013 0.8027489432565834
8014 0.8027486219698385
8015 0.8027483019420517
8016 0.8027479836365607
8017 0.8027476675131396
8018 0.8027473540271668
8019 0.8027470436288111
8020 0.8027467367622384
8021 0.8027464338648281
8022 0.802746135366507
8023 0.8027458416890376
8024 0.8027455532453809
8025 0.8027452704390914
8026 0.8027449936637387
8027 0.802744723302394
8028 0.8027444597271504
8029 0.8027442032986128
8030 0.8027439543653911
8031 0.8027437132636264
8032 0.8027434803165625
8033 0.8027432558341385
8034 0.8027430401122616
8035 0.8027428334320431
8036 0.8027426360610144
8037 0.8027424482526223
8038 0.8027422702461136
8039 0.8027421022665119
8040 0.8027419445246565
8041 0.8027417972164861
8042 0.8027416605244705
8043 0.8027415346174084
8044 0.8027414196504136
8045 0.8027413157641722
8046 0.802741223084721
8047 0.8027411417231723
8048 0.8027410717756176
8049 0.8027410133230007
8050 0.8027409664308928
8051 0.8027409311491635
8052 0.802740907511592
8053 0.8027408955354775
8054 0.802740895220471
8055 0.8027409065487168
8056 0.8027409294857106
8057 0.8027409639792878
8058 0.8027410099604518
8059 0.8027410673436753
8060 0.8027411360268422
8061 0.8027412158912747
8062 0.802741306802652
8063 0.8027414086098662
8064 0.8027415211451315
8065 0.8027416442250672
8066 0.8027417776495122
8067 0.8027419212017958
8068 0.8027420746494262
8069 0.8027422377446271
8070 0.802742410224964
8071 0.8027425918131847
8072 0.8027427822167206
8073 0.8027429811316357
8074 0.8027431882411803
8075 0.8027434032147481
8076 0.8027436257079955
8077 0.8027438553642853
8078 0.8027440918155678
8079 0.8027443346839448
8080 0.8027445835826655
8081 0.8027448381175007
8082 0.8027450978884203
8083 0.8027453624884832
8084 0.8027456315050282
8085 0.8027459045211974
8086 0.8027461811179595
8087 0.8027464608748589
8088 0.8027467433704937
8089 0.8027470281828223
8090 0.802747314889385
8091 0.8027476030675089
8092 0.8027478922945456
8093 0.8027481821481685
8094 0.8027484722068036
8095 0.8027487620498109
8096 0.8027490512581834
8097 0.8027493394150105
8098 0.8027496261059033
8099 0.8027499109196142
8100 0.8027501934486335
8101 0.8027504732894351
8102 0.8027507500428269
8103 0.8027510233153746
8104 0.8027512927198717
8105 0.8027515578760783
8106 0.8027518184114631
8107 0.8027520739619399
8108 0.8027523241725152
8109 0.8027525686977419
8110 0.8027528072021071
8111 0.8027530393603087
8112 0.8027532648572598
8113 0.8027534833879142
8114 0.802753694657042
8115 0.8027538983790352
8116 0.8027540942777575
8117 0.8027542820865573
8118 0.8027544615485122
8119 0.8027546324161268
8120 0.8027547944529935
8121 0.8027549474344882
8122 0.8027550911481625
8123 0.8027552253952122
8124 0.8027553499918242
8125 0.8027554647702111
8126 0.8027555695795775
8127 0.8027556642869836
8128 0.8027557487771744
8129 0.8027558229522469
8130 0.8027558867313005
8131 0.8027559400501276
8132 0.8027559828607724
8133 0.8027560151311832
8134 0.8027560368449007
8135 0.8027560480007945
8136 0.8027560486128612
8137 0.8027560387097099
8138 0.8027560183335253
8139 0.8027559875431842
8140 0.8027559464125756
8141 0.8027558950313868
8142 0.8027558335051015
8143 0.8027557619548641
8144 0.8027556805179308
8145 0.8027555893487756
8146 0.8027554886192941
8147 0.8027553785147675
8148 0.8027552592319726
8149 0.8027551309804836
8150 0.802754993982204
8151 0.8027548484702007
8152 0.8027546946898626
8153 0.8027545328988399
8154 0.8027543633662836
8155 0.802754186371657
8156 0.8027540022033427
8157 0.8027538111573336
8158 0.8027536135369527
8159 0.8027534096518194
8160 0.8027531998176305
8161 0.802752984355929
8162 0.802752763593827
8163 0.8027525378637375
8164 0.8027523075031254
8165 0.8027520728538717
8166 0.8027518342626286
8167 0.8027515920808428
8168 0.8027513466641674
8169 0.8027510983722699
8170 0.8027508475683599
8171 0.802750594618724
8172 0.80275033989228
8173 0.8027500837600904
8174 0.8027498265943001
8175 0.8027495687684522
8176 0.8027493106571016
8177 0.8027490526351573
8178 0.8027487950770115
8179 0.8027485383558755
8180 0.8027482828431777
8181 0.8027480289079795
8182 0.8027477769163859
8183 0.8027475272309367
8184 0.8027472802099826
8185 0.8027470362070501
8186 0.8027467955702137
8187 0.8027465586414874
8188 0.802746325756246
8189 0.802746097242677
8190 0.8027458734212688
8191 0.8027456546040103
8192 0.8027454410939595
8193 0.8027452331853973
8194 0.8027450311632753
8195 0.8027448353028201
8196 0.8027446458684472
8197 0.8027444631147466
8198 0.8027442872858119
8199 0.8027441186147571
8200 0.8027439573233249
8201 0.8027438036215184
8202 0.8027436577072564
8203 0.8027435197661729
8204 0.8027433899714426
8205 0.802743268483683
8206 0.8027431554509513
8207 0.8027430510088061
8208 0.8027429552803933
8209 0.8027428683765431
8210 0.8027427903960341
8211 0.8027427214257019
8212 0.8027426615405899
8213 0.8027426108040547
8214 0.8027425692678192
8215 0.8027425369719542
8216 0.8027425139447991
8217 0.8027425002011773
8218 0.8027424957452253
8219 0.8027425005681219
8220 0.8027425146487028
8221 0.8027425379535723
8222 0.8027425704367751
8223 0.8027426120393821
8224 0.8027426626891581
8225 0.8027427223003173
8226 0.8027427907738817
8227 0.8027428679978965
8228 0.8027429538468869
8229 0.8027430481821856
8230 0.8027431508528122
8231 0.8027432616942317
8232 0.8027433805293317
8233 0.8027435071689477
8234 0.8027436414123468
8235 0.8027437830475663
8236 0.8027439318516464
8237 0.8027440875908027
8238 0.8027442500203144
8239 0.8027444188851968
8240 0.8027445939222123
8241 0.802744774857669
8242 0.8027449614075195
8243 0.8027451532778109
8244 0.802745350165466
8245 0.8027455517595804
8246 0.8027457577427377
8247 0.8027459677919753
8248 0.8027461815793933
8249 0.8027463987727559
8250 0.8027466190360666
8251 0.8027468420301187
8252 0.802747067413103
8253 0.8027472948412403
8254 0.8027475239694167
8255 0.8027477544513831
8256 0.8027479859412564
8257 0.8027482180930459
8258 0.8027484505613915
8259 0.8027486830022902
8260 0.8027489150737582
8261 0.8027491464365264
8262 0.8027493767544744
8263 0.8027496056949516
8264 0.8027498329290484
8265 0.8027500581319547
8266 0.8027502809831776
8267 0.8027505011667466
8268 0.8027507183713649
8269 0.8027509322902495
8270 0.8027511426226051
8271 0.8027513490738711
8272 0.8027515513562604
8273 0.8027517491889662
8274 0.8027519422995254
8275 0.8027521304233499
8276 0.8027523133041644
8277 0.8027524906944534
8278 0.8027526623557297
8279 0.8027528280586386
8280 0.8027529875829251
8281 0.8027531407170834
8282 0.8027532872581301
8283 0.8027534270113595
8284 0.8027535597901981
8285 0.8027536854162585
8286 0.8027538037196084
8287 0.8027539145395112
8288 0.802754017724822
8289 0.8027541131347167
8290 0.8027542006395662
8291 0.802754280121826
8292 0.8027543514768567
8293 0.8027544146135902
8294 0.8027544694549233
8295 0.8027545159379504
8296 0.8027545540139954
8297 0.8027545836483555
8298 0.802754604820009
8299 0.8027546175201375
8300 0.8027546217533935
8301 0.8027546175371726
8302 0.8027546049013526
8303 0.8027545838880495
8304 0.8027545545513984
8305 0.8027545169573871
8306 0.8027544711838418
8307 0.8027544173207561
8308 0.8027543554730359
8309 0.8027542857580444
8310 0.8027542083026863
8311 0.8027541232453753
8312 0.8027540307351525
8313 0.8027539309322257
8314 0.8027538240094005
8315 0.8027537101508141
8316 0.8027535895520265
8317 0.8027534624192626
8318 0.8027533289684963
8319 0.8027531894244659
8320 0.8027530440197135
8321 0.8027528929937088
8322 0.8027527365920921
8323 0.8027525750660175
8324 0.8027524086713568
8325 0.8027522376684452
8326 0.8027520623217718
8327 0.8027518828996005
8328 0.8027516996738708
8329 0.802751512920053
8330 0.8027513229169434
8331 0.8027511299464379
8332 0.8027509342932955
8333 0.802750736244902
8334 0.8027505360910168
8335 0.8027503341235031
8336 0.8027501306360347
8337 0.8027499259237494
8338 0.8027497202829713
8339 0.8027495140108696
8340 0.8027493074051099
8341 0.802749100763542
8342 0.8027488943837452
8343 0.8027486885626518
8344 0.8027484835962112
8345 0.802748279778992
8346 0.802748077403744
8347 0.802747876760932
8348 0.8027476781382555
8349 0.8027474818201564
8350 0.802747288087317
8351 0.8027470972161468
8352 0.8027469094782724
8353 0.8027467251400252
8354 0.8027465444619476
8355 0.802746367698324
8356 0.8027461950967321
8357 0.8027460268976381
8358 0.8027458633340195
8359 0.8027457046310232
8360 0.8027455510056537
8361 0.8027454026664949
8362 0.8027452598134361
8363 0.8027451226374114
8364 0.8027449913201861
8365 0.8027448660341349
8366 0.8027447469420345
8367 0.8027446341968677
8368 0.8027445279416568
8369 0.802744428309304
8370 0.8027443354224594
8371 0.802744249393426
8372 0.8027441703240399
8373 0.8027440983056539
8374 0.802744033419181
8375 0.8027439757351138
8376 0.8027439253136207
8377 0.8027438822046642
8378 0.8027438464471843
8379 0.8027438180705697
8380 0.8027437970943343
8381 0.8027437835282275
8382 0.8027437773727321
8383 0.8027437786191409
8384 0.8027437872494373
8385 0.8027438032361425
8386 0.8027438265422032
8387 0.8027438571209272
8388 0.8027438949159421
8389 0.802743939861174
8390 0.8027439918807399
8391 0.8027440508895647
8392 0.8027441167929386
8393 0.8027441894862393
8394 0.8027442688554481
8395 0.8027443547765167
8396 0.8027444471152699
8397 0.8027445457278541
8398 0.802744650461057
8399 0.8027447611525972
8400 0.8027448776313586
8401 0.8027449997176015
8402 0.8027451272231861
8403 0.8027452599518108
8404 0.8027453976992667
8405 0.8027455402536339
8406 0.8027456873962339
8407 0.8027458389014788
8408 0.8027459945367574
8409 0.8027461540628514
8410 0.8027463172339742
8411 0.8027464837980691
8412 0.802746653497879
8413 0.8027468260719579
8414 0.802747001255359
8415 0.8027471787800171
8416 0.8027473583749902
8417 0.8027475397667309
8418 0.8027477226794048
8419 0.8027479068353992
8420 0.8027480919557988
8421 0.8027482777608895
8422 0.8027484639706883
8423 0.8027486503055186
8424 0.8027488364863916
8425 0.8027490222356575
8426 0.8027492072775142
8427 0.8027493913384856
8428 0.8027495741478884
8429 0.8027497554382741
8430 0.8027499349458422
8431 0.8027501124108233
8432 0.8027502875778282
8433 0.8027504601961696
8434 0.8027506300201596
8435 0.8027507968093839
8436 0.8027509603285119
8437 0.8027511203483613
8438 0.8027512766461545
8439 0.8027514290058623
8440 0.8027515772185704
8441 0.802751721082859
8442 0.8027518604051181
8443 0.8027519949997689
8444 0.802752124689375
8445 0.8027522493047241
8446 0.8027523686845371
8447 0.8027524826751218
8448 0.8027525911300326
8449 0.802752693909742
8450 0.8027527908813971
8451 0.8027528819186901
8452 0.8027529669018973
8453 0.8027530457181064
8454 0.8027531182616208
8455 0.8027531844345311
8456 0.8027532441473552
8457 0.8027532973198436
8458 0.8027533438816865
8459 0.8027533837729864
8460 0.8027534169440008
8461 0.8027534433570626
8462 0.8027534629862678
8463 0.8027534758174992
8464 0.8027534818481883
8465 0.8027534810868545
8466 0.8027534735526787
8467 0.8027534592751254
8468 0.8027534382936142
8469 0.8027534106577716
8470 0.8027533764278657
8471 0.8027533356727188
8472 0.8027532884688982
8473 0.8027532349021623
8474 0.802753175066678
8475 0.8027531090657051
8476 0.8027530370123985
8477 0.8027529590302246
8478 0.8027528752534947
8479 0.8027527858260357
8480 0.8027526909011043
8481 0.802752590641062
8482 0.8027524852169647
